filename,shortcode,post_url,media_type,width,height,caption_or_alt,category
7m-0001.jpg,DbZrEFWoKWB,https://www.instagram.com/p/DbZrEFWoKWB/,p,1080,1350,"Photo by Paket Wedding Jakarta Bali Singapore on July 29, 2026. May be an image of magazine, poster and text that says 'LIMITED LUMITED OFFER TIME Lumire HOTEL AND CONVENTION CENTE",promo
7m-0002.jpg,DbVbE-NoE2K,https://www.instagram.com/p/DbVbE-NoE2K/,p,1080,1350,"Photo by Paket Wedding Jakarta Bali Singapore on July 28, 2026. May be an image of magazine, poster, wedding and text that says 'Lumire HOTEL AND CONVENTION CENTER THE EVER AFTER B",promo
7m-0003.jpg,DbBD_l0IH2y,https://www.instagram.com/p/DbBD_l0IH2y/,p,1080,1350,"Photo by Paket Wedding Jakarta Bali Singapore on July 20, 2026. May be an image of magazine, wedding and text that says 'Wedding WeddingMarket Market Fair 24-26 July 2026 Balai lai",promo
7m-0004.jpg,Da9Fc_AkuSW,https://www.instagram.com/p/Da9Fc_AkuSW/,p,1080,1350,"Photo by Paket Wedding Jakarta Bali Singapore on July 18, 2026. May be an image of magazine and text that says 'Weddingl WeddingMarket Market Fair 24 24-26 26 July 2026 BOOTH K5 Ba",promo
7m-0005.jpg,DaMnF1hi5fn,https://www.instagram.com/reel/DaMnF1hi5fn/,reel,1080,1920,"Two different worlds, one shared path. Crossing paths under the Australian sky, promising a forever on the beautiful shores of Bali. Here is a sneak peek into the breathtaking unio",reel-review
7m-0006.jpg,DX1OURHCVvO,https://www.instagram.com/p/DX1OURHCVvO/,p,1440,1800,"Photo shared by Paket Wedding Jakarta Bali Singapore on May 02, 2026 tagging @mercurejakartasabang.",review
7m-0007.jpg,DX0mv9AJcRN,https://www.instagram.com/reel/DX0mv9AJcRN/,reel,480,854,"✨ Mingle, Chat & Celebrate — Intimate Unveil at Mercure Jakarta Sabang ✨ Plan your wedding beautifully with @mercurejakartasabang and your best friend pro @7magicorganizer. 📅 Sa",reel-review
7m-0008.jpg,DXGkbXwCU7Z,https://www.instagram.com/reel/DXGkbXwCU7Z/,reel,480,854,"Wedding Market is calling! 🔔 Our signature promo is BACK exclusively at @weddingmarket_id. Get the best deals for your big day in Jakarta, Bali and Singapore. Don't miss out! Call",promo
7m-0009.jpg,DW5O4QYgufu,https://www.instagram.com/reel/DW5O4QYgufu/,reel,1920,1080,Wedding of Taffy & Cindy @taffy.ghozali & @cindy.cigo Venue Deal by #7magicorganizer Planner & Organizer @7magicorganizer Venue @lemeridienjkt Documentation @khayalan.pictures ,showcase
7m-0010.jpg,DW3j1ztCVjg,https://www.instagram.com/p/DW3j1ztCVjg/,p,1080,1350,"Photo by Paket Wedding Jakarta Bali Singapore on April 08, 2026.",review
7m-0011.jpg,DW3hhGQCVZ3,https://www.instagram.com/p/DW3hhGQCVZ3/,p,1080,1350,"Photo by Paket Wedding Jakarta Bali Singapore on April 08, 2026.",review
7m-0012.jpg,DW3hY7JCRgK,https://www.instagram.com/p/DW3hY7JCRgK/,p,1080,1350,"Photo by Paket Wedding Jakarta Bali Singapore on April 08, 2026.",review
7m-0013.jpg,DWZOIr-CeXK,https://www.instagram.com/p/DWZOIr-CeXK/,p,1440,1440,"Photo by Paket Wedding Jakarta Bali Singapore on March 27, 2026.",review
7m-0014.jpg,DTfSeiUEpKj,https://www.instagram.com/p/DTfSeiUEpKj/,p,1080,1080,"Photo by Paket Wedding Jakarta Bali Singapore on January 14, 2026.",review
7m-0015.jpg,DTc-vi4En4S,https://www.instagram.com/p/DTc-vi4En4S/,p,1080,1080,"Photo by Paket Wedding Jakarta Bali Singapore on January 13, 2026.",review
7m-0016.jpg,DTEsF0Aksmw,https://www.instagram.com/reel/DTEsF0Aksmw/,reel,480,854,"A new space in Bali,continuing a journey built with trust and love. With heartfelt thanks to our clients and trusted vendors who have been part of this journey. New Bali Branch O",reel-review
7m-0017.jpg,DS60LQnEgZz,https://www.instagram.com/reel/DS60LQnEgZz/,reel,480,854,"As the journey of 2025 comes to a close, we are filled with gratitude. Made possible by trust, teamwork, and love. Welcome, 2026 ! We’re ready to create even more magic together. ",reel-review
7m-0018.jpg,DPyKpZxEs8T,https://www.instagram.com/reel/DPyKpZxEs8T/,reel,480,854,"From Jakarta’s grand celebrations to Bali’s breathtaking beauty, 7Magic is ready to begin a new chapter on the island 🌸 Our Bali home will be nestled in the heart of Sunset Road ",reel-review
7m-0019.jpg,DNtIKa3ZMNM,https://www.instagram.com/reel/DNtIKa3ZMNM/,reel,480,854,One fine day at Day 1 of Whisper Wedding Showcase together with @novoteljakartamanggaduasquare & @ibisstylesmanggaduasquare in collaboration with @7magicorganizer We’re beyond gr,reel-review
7m-0020.jpg,DNqLjk3y7ef,https://www.instagram.com/reel/DNqLjk3y7ef/,reel,480,854,"Tomorrow is the Day!!!!! ✨ Mingle, Drink & Dream — Whisper: The Intimate Moment ✨ Plan your wedding beautifully with @novoteljakartamanggaduasquare and @ibisstylesmanggaduasquare",reel-review
7m-0021.jpg,DNpxS6HyziU,https://www.instagram.com/reel/DNpxS6HyziU/,reel,480,854,"Tomorrow is the Day!!!!! ✨ Mingle, Drink & Dream — Whisper: The Intimate Moment ✨ Plan your wedding beautifully with @novoteljakartamanggaduasquare and @ibisstylesmanggaduasquare",reel-review
7m-0022.jpg,DNfGGx9R1k8,https://www.instagram.com/reel/DNfGGx9R1k8/,reel,480,854,"✨ Mingle, Drink & Dream — Whisper: The Intimate Moment ✨ Plan your wedding beautifully with @novoteljakartamanggaduasquare and @ibisstylesmanggaduasquare with your best friend pro",reel-review
7m-0023.jpg,DNaulTaSr6H,https://www.instagram.com/p/DNaulTaSr6H/,p,1080,1080,"Photo shared by Paket Wedding Jakarta Bali Singapore on August 16, 2025 tagging @novoteljakartamanggaduasquare, and @ibisstylesmanggaduasquare.",review
7m-0024.jpg,DNYEL_4RBqF,https://www.instagram.com/reel/DNYEL_4RBqF/,reel,480,854,"✨ Mingle, Drink & Dream — Whisper: The Intimate Moment ✨ Plan your wedding beautifully with @novoteljakartamanggaduasquare and @ibisstylesmanggaduasquare with your best friend pr",reel-review
7m-0025.jpg,DNDRMscyb0z,https://www.instagram.com/p/DNDRMscyb0z/,p,1080,1080,"Photo by Paket Wedding Jakarta Bali Singapore on August 07, 2025.",review
7m-0026.jpg,DMRlJuvRgnn,https://www.instagram.com/reel/DMRlJuvRgnn/,reel,480,854,"💍 OPENING NOW ✨ Grande Wedding Showcase 2025 ✨ Rasakan kemewahan merencanakan pernikahan impianmu — elegan, eksklusif, dan praktis dalam satu paket lengkap! Bersama @mercurejaka",reel-review
7m-0027.jpg,DMMrwOASctc,https://www.instagram.com/p/DMMrwOASctc/,p,1080,1080,"Photo shared by Paket Wedding Jakarta Bali Singapore on July 16, 2025 tagging @ibisjakartaharmoni.",review
7m-0028.jpg,DL4zeR1R8o4,https://www.instagram.com/reel/DL4zeR1R8o4/,reel,480,854,"💍✨ Grande Wedding Showcase 2025 ✨ Rasakan kemewahan merencanakan pernikahan impianmu — elegan, eksklusif, dan praktis dalam satu paket lengkap! Bersama @mercurejakartakota , @ibi",reel-review
7m-0029.jpg,DL1-61gy5zz,https://www.instagram.com/p/DL1-61gy5zz/,p,1080,1080,"Photo by Paket Wedding Jakarta Bali Singapore in Mercure Jakarta Kota with @sanggarriasindah, @ibisjakartaharmoni, @mercurejakartakota, and @khayalan.pictures.",review
7m-0030.jpg,DL1-xgnyKGo,https://www.instagram.com/p/DL1-xgnyKGo/,p,1080,1080,"Photo by Paket Wedding Jakarta Bali Singapore in Mercure Jakarta Kota with @sanggarriasindah, @ibisjakartaharmoni, @mercurejakartakota, and @khayalan.pictures.",review
7m-0031.jpg,DL1-bQjSWIE,https://www.instagram.com/p/DL1-bQjSWIE/,p,1080,1080,"Photo by Paket Wedding Jakarta Bali Singapore in Mercure Jakarta Kota with @ibisjakartaharmoni, and @mercurejakartakota.",review
7m-0032.jpg,DLo2htJR5Q0,https://www.instagram.com/reel/DLo2htJR5Q0/,reel,480,854,"💍 Nikmati kemewahan dan kemudahan wedding planning dalam satu paket lengkap! Bersama @mercurejakartakota & @7magicorganizer, momen spesialmu jadi lebih berkesan. ✨ Grande Wedding",reel-review
7m-0033.jpg,DKixBqESAsl,https://www.instagram.com/p/DKixBqESAsl/,p,1080,1080,"Photo by Paket Wedding Jakarta Bali Singapore on June 05, 2025.",review
7m-0034.jpg,DKgSvEnRucB,https://www.instagram.com/reel/DKgSvEnRucB/,reel,480,854,"💍 Nikmati kemewahan dan kemudahan wedding planning dalam satu paket lengkap! Bersama @ibisstylesjakartatanahabang & @7magicorganizer, momen spesialmu jadi lebih berkesan. ✨ Vowev",reel-review
7m-0035.jpg,DKgOQ5hSAHe,https://www.instagram.com/p/DKgOQ5hSAHe/,p,1080,1080,"Photo shared by Paket Wedding Jakarta Bali Singapore on June 04, 2025 tagging @ibisstylesjakartatanahabang.",review
7m-0036.jpg,DJ6Sva2R3H8,https://www.instagram.com/reel/DJ6Sva2R3H8/,reel,640,1144,"💍✨ Step into your dream wedding @luminorkota Join us at LUMINOR WEDDING LOVE SHOWCASE 🗓 Saturday, May 24th, 2025 🕚 11 AM – 8 PM 📍 Luminor Hotel Kota – Jl. Mangga Besar Raya N",reel-review
7m-0037.jpg,DJ50OaFSHxK,https://www.instagram.com/p/DJ50OaFSHxK/,p,1080,1080,Photo by Paket Wedding Jakarta Bali Singapore in Hotel Luminor Mangga Besar.,review
7m-0038.jpg,DJ1EyuBS9f8,https://www.instagram.com/p/DJ1EyuBS9f8/,p,1080,1080,"Photo by Paket Wedding Jakarta Bali Singapore on May 19, 2025.",review
7m-0039.jpg,DJlG-ZLSjdD,https://www.instagram.com/p/DJlG-ZLSjdD/,p,1080,1080,"Photo by Paket Wedding Jakarta Bali Singapore on May 12, 2025.",review
7m-0040.jpg,DJaxVMaRtb6,https://www.instagram.com/reel/DJaxVMaRtb6/,reel,480,854,"💍✨ Step into your dream wedding @luminorkota Join us at LUMINOR WEDDING LOVE SHOWCASE 🗓 Saturday, May 24th, 2025 🕚 11 AM – 8 PM 📍 Luminor Hotel Kota – Jl. Mangga Besar Raya ",reel-review
7m-0041.jpg,DIgJNvgSm6T,https://www.instagram.com/p/DIgJNvgSm6T/,p,1080,1080,"Photo by Paket Wedding Jakarta Bali Singapore on April 16, 2025.",review
7m-0042.jpg,DIP-cg1Slex,https://www.instagram.com/p/DIP-cg1Slex/,p,1080,1080,"Photo shared by Paket Wedding Jakarta Bali Singapore on April 09, 2025 tagging @ibisjakartaharmoni, and @mercurejakartakota.",review
7m-0043.jpg,DIL1L8dJ9VM,https://www.instagram.com/p/DIL1L8dJ9VM/,p,1080,1080,"Photo shared by Paket Wedding Jakarta Bali Singapore on April 08, 2025 tagging @ibisjakartaharmoni, and @mercurejakartakota.",review
7m-0044.jpg,DII0cXZxT7-,https://www.instagram.com/reel/DII0cXZxT7-/,reel,480,854,💍✨ Ready to say “I do” in style? Let’s make wedding planning FUN (and budget-friendly) with @ibisjakartaharmoni and @mercurejakartakota In collaboration with @7magicorganizer ,reel-review
7m-0045.jpg,DIIxOgZypur,https://www.instagram.com/p/DIIxOgZypur/,p,1080,1080,"Photo by Paket Wedding Jakarta Bali Singapore on April 07, 2025.",review
7m-0046.jpg,DG5jbGLSWAn,https://www.instagram.com/p/DG5jbGLSWAn/,p,1080,1080,Photo by Paket Wedding Jakarta Bali Singapore in Swissôtel Jakarta PIK Avenue.,review
7m-0047.jpg,DG1wjh3yOA6,https://www.instagram.com/p/DG1wjh3yOA6/,p,1080,1080,"Photo by Paket Wedding Jakarta Bali Singapore on March 05, 2025.",review
7m-0048.jpg,DGw1tWhS3Qe,https://www.instagram.com/reel/DGw1tWhS3Qe/,reel,480,854,Swissotel Jakarta PIK Avenue Presents: Eternal Vow Wedding & Sangjit Showcase Where love meets elegance—discover your dream wedding at the Eternal Vow Wedding & Sangjit Showcase,reel-review
7m-0049.jpg,DGmbpWCSDkZ,https://www.instagram.com/p/DGmbpWCSDkZ/,p,1080,1080,"Photo by Paket Wedding Jakarta Bali Singapore on February 27, 2025.",review
7m-0050.jpg,DGmKuQZy6gh,https://www.instagram.com/p/DGmKuQZy6gh/,p,1080,1080,Swissotel Jakarta PIK Avenue Presents: Eternal Vow Wedding & Sangjit Showcase Where love meets elegance—discover your dream wedding at the Eternal Vow Wedding & Sangjit Showcase! ,review
7m-0051.jpg,DGE96WmSRiO,https://www.instagram.com/p/DGE96WmSRiO/,p,1440,1818,"Photo by Paket Wedding Jakarta Bali Singapore on February 14, 2025.",review
7m-0052.jpg,DGE9pgYSmBX,https://www.instagram.com/p/DGE9pgYSmBX/,p,1440,1440,"Photo by Paket Wedding Jakarta Bali Singapore on February 14, 2025.",review
7m-0053.jpg,DGE9Q9RSJbr,https://www.instagram.com/p/DGE9Q9RSJbr/,p,1440,1818,"Photo by Paket Wedding Jakarta Bali Singapore on February 14, 2025.",review
7m-0054.jpg,DF98hhQSkbL,https://www.instagram.com/p/DF98hhQSkbL/,p,1440,1818,"Photo by Paket Wedding Jakarta Bali Singapore on February 12, 2025.",review
7m-0055.jpg,DF96_GQSuCZ,https://www.instagram.com/p/DF96_GQSuCZ/,p,1440,1818,"Photo by Paket Wedding Jakarta Bali Singapore on February 12, 2025.",review
7m-0056.jpg,DF8A5UiSr8z,https://www.instagram.com/p/DF8A5UiSr8z/,p,1440,1818,"Photo by Paket Wedding Jakarta Bali Singapore on February 11, 2025.",review
7m-0057.jpg,DFjiJ23ynhj,https://www.instagram.com/p/DFjiJ23ynhj/,p,1440,1818,"Photo by Paket Wedding Jakarta Bali Singapore on February 01, 2025.",review
7m-0058.jpg,DFFGhqpyQ7I,https://www.instagram.com/p/DFFGhqpyQ7I/,p,1440,1818,"Photo by Paket Wedding Jakarta Bali Singapore on January 20, 2025.",review
7m-0059.jpg,DE3xZ7jS6k2,https://www.instagram.com/p/DE3xZ7jS6k2/,p,1440,1818,"Photo by Paket Wedding Jakarta Bali Singapore on January 15, 2025.",review
7m-0060.jpg,DEq0kIVJhKk,https://www.instagram.com/p/DEq0kIVJhKk/,p,1440,1440,"Photo by Paket Wedding Jakarta Bali Singapore on January 10, 2025.",review
7m-0061.jpg,DEq0OGKpJp0,https://www.instagram.com/p/DEq0OGKpJp0/,p,1440,1818,"Photo by Paket Wedding Jakarta Bali Singapore on January 10, 2025.",review
7m-0062.jpg,DEqzuo1pniT,https://www.instagram.com/p/DEqzuo1pniT/,p,1440,1440,"Photo by Paket Wedding Jakarta Bali Singapore on January 10, 2025.",review
7m-0063.jpg,DEmTXV8SS6s,https://www.instagram.com/p/DEmTXV8SS6s/,p,1440,1818,"Photo by Paket Wedding Jakarta Bali Singapore on January 09, 2025.",review
7m-0064.jpg,DEmTBfQSmiU,https://www.instagram.com/p/DEmTBfQSmiU/,p,1440,1818,"Photo by Paket Wedding Jakarta Bali Singapore on January 09, 2025.",review
7m-0065.jpg,DEmSugXS7KH,https://www.instagram.com/p/DEmSugXS7KH/,p,1440,1818,"Photo by Paket Wedding Jakarta Bali Singapore on January 09, 2025.",review
7m-0066.jpg,DEZh_x2CRw3,https://www.instagram.com/reel/DEZh_x2CRw3/,reel,1080,1080,"Though miles lie between Indonesia and Singapore, our love bridges every distance. With you, every step feels like home, and every moment is worth a lifetime. Glimpse of MELVIN & ",reel-review
7m-0067.jpg,DEZhs2ASap5,https://www.instagram.com/p/DEZhs2ASap5/,p,0,0,"Photo by Paket Wedding Jakarta Bali Singapore on January 04, 2025.",review
7m-0068.jpg,DEZgImQSRGX,https://www.instagram.com/p/DEZgImQSRGX/,p,0,0,"Photo shared by Paket Wedding Jakarta Bali Singapore on January 04, 2025 tagging @kianphotomorphosis, @shangrilasg, and @graciasroyalwedding.",review
7m-0069.jpg,DBIOJwOvhor,https://www.instagram.com/reel/DBIOJwOvhor/,reel,0,0,"Buat wedding kamu tak terlupakan bersama @7magicorganizer ! Apapun tema pernikahan kamu, nasional atau internasional, dont worry, be happy planning with us. #7magicorganizer ,#we",reel-review
7m-0070.jpg,DAXb4FhyO-p,https://www.instagram.com/p/DAXb4FhyO-p/,p,1080,1080,"Photo by Paket Wedding Jakarta Bali Singapore on September 25, 2024.",review
7m-0071.jpg,DALKYyEvYc-,https://www.instagram.com/reel/DALKYyEvYc-/,reel,640,362,Same Day Edit @berlyprokhorus & @gabriellaevlyne Venue Deal by @7magicorganizer Venue : @viverehotelartotelcurated Documentation & prewed: @kianphotomorphosis MC & Entertainme,reel-review
7m-0072.jpg,C-uksGLvQKE,https://www.instagram.com/reel/C-uksGLvQKE/,reel,444,789,AUGUST VENUE FLASH DEAL Celebrate your wedding day at luxurious hotel while Spending Less and Saving More! 💍 Enjoy a stunning hotel wedding that fits your budget perfectly. We of,promo
7m-0073.jpg,C-r7YSPyYNC,https://www.instagram.com/p/C-r7YSPyYNC/,p,1080,1080,"Photo by Paket Wedding Jakarta Bali Singapore on August 15, 2024.",review
7m-0074.jpg,C-r7U6hynV1,https://www.instagram.com/p/C-r7U6hynV1/,p,1080,1080,"Photo by Paket Wedding Jakarta Bali Singapore on August 15, 2024.",review
7m-0075.jpg,C-r7Rw9SG0Z,https://www.instagram.com/p/C-r7Rw9SG0Z/,p,1080,1080,"Photo by Paket Wedding Jakarta Bali Singapore on August 15, 2024.",review
7m-0076.jpg,C-J2dJ0yfIO,https://www.instagram.com/p/C-J2dJ0yfIO/,p,1080,1080,"Photo by Paket Wedding Jakarta Bali Singapore on August 01, 2024.",review
7m-0077.jpg,C-J2R-3SU7k,https://www.instagram.com/p/C-J2R-3SU7k/,p,1080,1080,"Photo by Paket Wedding Jakarta Bali Singapore on August 01, 2024.",review
7m-0078.jpg,C-J2J7JyXkE,https://www.instagram.com/p/C-J2J7JyXkE/,p,1080,1080,"Photo by Paket Wedding Jakarta Bali Singapore on August 01, 2024.",review
7m-0079.jpg,C9bAKLGi9BE,https://www.instagram.com/reel/C9bAKLGi9BE/,reel,1080,1080,The Wedding of Edwin & Jessica Venue: @mercurejakartakota @weddingmercurejakartakota Wo: @7magicorganizer Gown: @velibridalandcouture Photo & Video : @kianphotomorphosis Decor: ,showcase
7m-0080.jpg,C9Eag7cPg7I,https://www.instagram.com/reel/C9Eag7cPg7I/,reel,0,0,Extraordinary Wedding Fair FOREVER TIMELESS by @mercurejakartakota OPEN TODAY Organized by : @7magicorganizer Join Us for an Unforgettable Wedding Showcase! ✨ FREE ENTRY ✨ Sat,promo
7m-0081.jpg,C86MS6CvjI0,https://www.instagram.com/reel/C86MS6CvjI0/,reel,0,0,Extraordinary Wedding Fair FOREVER TIMELESS by @mercurejakartakota Organized by : @7magicorganizer Join Us for an Unforgettable Wedding Showcase! ✨ FREE ENTRY ✨ Saturday - Sund,promo
7m-0082.jpg,C81e-F6SuDF,https://www.instagram.com/p/C81e-F6SuDF/,p,0,0,"Photo by Paket Wedding Jakarta Bali Singapore on June 30, 2024.",review
7m-0083.jpg,C8ynpTzyT25,https://www.instagram.com/p/C8ynpTzyT25/,p,0,0,"Photo by Paket Wedding Jakarta Bali Singapore on June 29, 2024.",review
7m-0084.jpg,C8yngmXSwC2,https://www.instagram.com/p/C8yngmXSwC2/,p,0,0,Photo by Paket Wedding Jakarta Bali Singapore in Hotel Mercure Jakarta Kota.,review
7m-0085.jpg,C8yhVl9P4BR,https://www.instagram.com/reel/C8yhVl9P4BR/,reel,0,0,Make your wedding memorable and exclusive at @lemeridienjkt organized by @7magicorganizer Visit Us Celebration De L'Amour 29-30 June 2024 | 1-7 pm @labrasserierestaurant at @leme,reel-review
7m-0086.jpg,C8mhmz-PnwW,https://www.instagram.com/p/C8mhmz-PnwW/,p,0,0,"Photo by Paket Wedding Jakarta Bali Singapore on June 24, 2024.",review
7m-0087.jpg,C8mglKwPtIk,https://www.instagram.com/reel/C8mglKwPtIk/,reel,0,0,Celebrate the essence of love at @labrasseriejkt @lemeridienjkt. Immerse yourself in the romance of an intimate wedding at this opulent 5-star hotel venue nestled in the heart of J,reel-review
7m-0088.jpg,C8mfbqRvi3o,https://www.instagram.com/p/C8mfbqRvi3o/,p,0,0,"Photo by Paket Wedding Jakarta Bali Singapore on June 24, 2024.",review
7m-0089.jpg,C8dsBxzS3Mf,https://www.instagram.com/p/C8dsBxzS3Mf/,p,0,0,"Photo by Paket Wedding Jakarta Bali Singapore on June 20, 2024.",review
7m-0090.jpg,C7beXZeva_e,https://www.instagram.com/reel/C7beXZeva_e/,reel,480,854,Don't miss the chance to get lucky draw for every dealing! #kloudwedding #paketwedding #paketweddingjakarta #bridestory #wedding #weddingku,reel-review
7m-0091.jpg,C7J3np2youz,https://www.instagram.com/p/C7J3np2youz/,p,1080,1080,"Photo by Paket Wedding Jakarta Bali Singapore on May 19, 2024.",review
7m-0092.jpg,C7J3WIgyGay,https://www.instagram.com/p/C7J3WIgyGay/,p,1080,1080,"Photo by Paket Wedding Jakarta Bali Singapore on May 19, 2024.",review
7m-0093.jpg,C7BZWjxPJCl,https://www.instagram.com/reel/C7BZWjxPJCl/,reel,480,854,"Cherish love at @kloud.senopati @kloudwedding.senopati . Romantic haven with spectacular Jakarta views, Beautiful Glass Wedding Venue. Create your dream wedding at one of the most ",reel-review
7m-0094.jpg,C6_Y_-uykOA,https://www.instagram.com/p/C6_Y_-uykOA/,p,1080,1080,"Photo by Paket Wedding Jakarta Bali Singapore on May 15, 2024.",review
7m-0095.jpg,C4FrEVJpcAb,https://www.instagram.com/p/C4FrEVJpcAb/,p,720,720,"Photo by Paket Wedding Jakarta Bali Singapore on March 04, 2024.",review
7m-0096.jpg,C4FqIXiJ9di,https://www.instagram.com/p/C4FqIXiJ9di/,p,720,720,"Photo by Paket Wedding Jakarta Bali Singapore on March 04, 2024.",review
7m-0097.jpg,C4FpmVmJKXg,https://www.instagram.com/p/C4FpmVmJKXg/,p,720,720,"Photo by Paket Wedding Jakarta Bali Singapore on March 04, 2024.",review
7m-0098.jpg,C2qlcyxvzt2,https://www.instagram.com/reel/C2qlcyxvzt2/,reel,480,854,Avenzel Wedding Showcase 27-28 Jan 2024 Thank you for dealing with us love birds! Stay tuned in our wedding promo! Big thanks: @avenzelhotelandconvention @avenzelwedding @kianphot,promo
7m-0099.jpg,C2mUGj3vtWh,https://www.instagram.com/reel/C2mUGj3vtWh/,reel,480,854,Embark on Your Enchanting Dream Wedding at East Jakarta at @avenzelhotelandconvention @avenzelwedding Create Your Wedding Dream with Jakarta's Finest Wedding Vendors Organized by,reel-review
7m-0100.jpg,C2lvgMyPuaF,https://www.instagram.com/p/C2lvgMyPuaF/,p,1080,1080,"Photo by Paket Wedding Jakarta Bali Singapore on January 26, 2024.",review
7m-0101.jpg,C2lufZNP32L,https://www.instagram.com/p/C2lufZNP32L/,p,1080,1080,"Photo by Paket Wedding Jakarta Bali Singapore on January 26, 2024.",review
7m-0102.jpg,C2Bn-2PvApV,https://www.instagram.com/reel/C2Bn-2PvApV/,reel,480,854,"JMWF day 1 pecah genks!! Thank you for coming to our booth, love birds! #weddingku #bridestory",promo
7m-0103.jpg,C1opMy2pxMO,https://www.instagram.com/p/C1opMy2pxMO/,p,1080,1080,"Photo by Paket Wedding Jakarta Bali Singapore on January 03, 2024.",review
7m-0104.jpg,C1moElPpfUU,https://www.instagram.com/p/C1moElPpfUU/,p,1080,1080,"Photo by Paket Wedding Jakarta Bali Singapore on January 02, 2024.",review
7m-0105.jpg,CzqMXgyJfTU,https://www.instagram.com/p/CzqMXgyJfTU/,p,1080,1080,Photo by Paket Wedding Jakarta Bali Singapore in Novotel Jakarta Mangga Dua Square.,review
7m-0106.jpg,CzqMU2apBNJ,https://www.instagram.com/p/CzqMU2apBNJ/,p,1080,1080,Photo by Paket Wedding Jakarta Bali Singapore in Novotel Jakarta Mangga Dua Square.,review
7m-0107.jpg,CzqML_aJ63q,https://www.instagram.com/p/CzqML_aJ63q/,p,1080,1080,Photo by Paket Wedding Jakarta Bali Singapore in Novotel Jakarta Mangga Dua Square.,review
7m-0108.jpg,CziPSpvJOQM,https://www.instagram.com/p/CziPSpvJOQM/,p,1080,1080,"Photo by Paket Wedding Jakarta Bali Singapore on November 11, 2023.",review
7m-0109.jpg,CziPM4dpNpZ,https://www.instagram.com/p/CziPM4dpNpZ/,p,1080,1080,"Photo by Paket Wedding Jakarta Bali Singapore on November 11, 2023.",review
7m-0110.jpg,CziO_NwpRCR,https://www.instagram.com/p/CziO_NwpRCR/,p,1080,1080,Photo by Paket Wedding Jakarta Bali Singapore in Hilton Bali Resort.,review
7m-0111.jpg,CziO07Qpve2,https://www.instagram.com/p/CziO07Qpve2/,p,1080,1080,"Photo by Paket Wedding Jakarta Bali Singapore on November 11, 2023.",review
7m-0112.jpg,CziOrTbJvXJ,https://www.instagram.com/p/CziOrTbJvXJ/,p,1080,1080,"Photo by Paket Wedding Jakarta Bali Singapore on November 11, 2023.",review
7m-0113.jpg,Czh-2Vwp510,https://www.instagram.com/p/Czh-2Vwp510/,p,1080,1080,Photo by Paket Wedding Jakarta Bali Singapore in Hilton Bali Resort.,review
7m-0114.jpg,CzI3nOqpWSZ,https://www.instagram.com/p/CzI3nOqpWSZ/,p,1080,1080,"Photo by Paket Wedding Jakarta Bali Singapore on November 02, 2023.",review
7m-0115.jpg,CzI3iPVpjn4,https://www.instagram.com/p/CzI3iPVpjn4/,p,1080,1080,"Photo by Paket Wedding Jakarta Bali Singapore on November 02, 2023.",review
7m-0116.jpg,CzI3e-8pz_s,https://www.instagram.com/p/CzI3e-8pz_s/,p,1080,1080,"Photo by Paket Wedding Jakarta Bali Singapore on November 02, 2023.",review
7m-0117.jpg,CzI2xbepVqL,https://www.instagram.com/p/CzI2xbepVqL/,p,1080,1080,"Photo by Paket Wedding Jakarta Bali Singapore on November 02, 2023.",review
7m-0118.jpg,Cy91VAgLbxy,https://www.instagram.com/reel/Cy91VAgLbxy/,reel,720,1280,#weddingvenue #weddingorganizerbandung #weddingorganizerjakarta #bridestory #weddingku,reel-review
7m-0119.jpg,CysGRp1tpCt,https://www.instagram.com/reel/CysGRp1tpCt/,reel,720,1280,#bridedept #bridestory #paketwedding #theforest #veranda #weddingku,reel-review
7m-0120.jpg,Cyq7sbGSUHY,https://www.instagram.com/p/Cyq7sbGSUHY/,p,1080,1080,"Photo by Paket Wedding Jakarta Bali Singapore on October 21, 2023.",review
7m-0121.jpg,CyfR1UfpJQv,https://www.instagram.com/p/CyfR1UfpJQv/,p,1080,1080,"Photo by Paket Wedding Jakarta Bali Singapore on October 16, 2023.",review
7m-0122.jpg,CyfRDM-JnPr,https://www.instagram.com/p/CyfRDM-JnPr/,p,1080,1080,"Photo by Paket Wedding Jakarta Bali Singapore on October 16, 2023.",review
7m-0123.jpg,CyfPcxQp_Tx,https://www.instagram.com/p/CyfPcxQp_Tx/,p,1080,1080,Photo by Paket Wedding Jakarta Bali Singapore in The Forest at The Veranda.,review
7m-0124.jpg,CyM8hxdP_ae,https://www.instagram.com/reel/CyM8hxdP_ae/,reel,612,1088,Embark on Your Enchanting Dream Wedding at the Heart of Jakarta at @theforestjakarta Create Your Wedding Dream with Jakarta's Finest Wedding Vendors Organized by: @7magicorganizer,reel-review
7m-0125.jpg,CyDFq3GvIUh,https://www.instagram.com/reel/CyDFq3GvIUh/,reel,540,960,Come and join us at Bridestory Market #bridestorymarket2023 #bridestory #weddingku video by : @mariyasa.film,reel-review
7m-0126.jpg,Cx8dMa3JJVA,https://www.instagram.com/p/Cx8dMa3JJVA/,p,1080,1080,"Photo by Paket Wedding Jakarta Bali Singapore on October 03, 2023.",review
7m-0127.jpg,Cx7_GGgpYIQ,https://www.instagram.com/p/Cx7_GGgpYIQ/,p,1080,1080,"Photo by Paket Wedding Jakarta Bali Singapore on October 03, 2023.",review
7m-0128.jpg,Cx4-PkdPaxz,https://www.instagram.com/reel/Cx4-PkdPaxz/,reel,540,960,Discover your Bali-Inspired Dream Wedding in the Heart of Jakarta at @discoveryancol Make Your Wedding Dream Come True bersama vendor-vendor pernikahan top ibukota Organized by : ,reel-review
7m-0129.jpg,Cx46Tf7peeM,https://www.instagram.com/p/Cx46Tf7peeM/,p,1080,1080,"Photo by Paket Wedding Jakarta Bali Singapore on October 02, 2023.",review
7m-0130.jpg,Cx46PQtp-tw,https://www.instagram.com/p/Cx46PQtp-tw/,p,1080,1080,"Photo by Paket Wedding Jakarta Bali Singapore on October 02, 2023.",review
7m-0131.jpg,CxmGNf0SWkN,https://www.instagram.com/p/CxmGNf0SWkN/,p,1080,1080,"Photo by Paket Wedding Jakarta Bali Singapore on September 24, 2023.",review
7m-0132.jpg,CxmGLEZyqH_,https://www.instagram.com/p/CxmGLEZyqH_/,p,1080,1080,"Photo by Paket Wedding Jakarta Bali Singapore on September 24, 2023.",review
7m-0133.jpg,CxmGHRaS67i,https://www.instagram.com/p/CxmGHRaS67i/,p,1080,1080,"Photo by Paket Wedding Jakarta Bali Singapore on September 24, 2023.",review
7m-0134.jpg,Cxh7xXtJuzH,https://www.instagram.com/p/Cxh7xXtJuzH/,p,1080,1080,"Photo by Paket Wedding Jakarta Bali Singapore on September 23, 2023.",review
7m-0135.jpg,Cxh7u7dJazD,https://www.instagram.com/p/Cxh7u7dJazD/,p,1080,1080,"Photo by Paket Wedding Jakarta Bali Singapore on September 23, 2023.",review
7m-0136.jpg,Cxh0EoFpPpN,https://www.instagram.com/p/Cxh0EoFpPpN/,p,1080,1080,"Photo by Paket Wedding Jakarta Bali Singapore on September 23, 2023.",review
7m-0137.jpg,CvyqrpqNxx_,https://www.instagram.com/reel/CvyqrpqNxx_/,reel,540,960,"Discover eternal elegance at Shangrila Hotel Jakarta Save the Date Love Birds! SOLITAIRE Jewellery & Wedding Showcase Shangril-La, Jakarta Shopping Arcade, Lobby Hotel 25 July - ",promo
7m-0138.jpg,CvZfeaCg8er,https://www.instagram.com/reel/CvZfeaCg8er/,reel,540,960,"Discover eternal elegance at Shangrila Hotel Jakarta Save the Date Love Birds! SOLITAIRE Jewellery & Wedding Showcase Shangril-La, Jakarta Shopping Arcade, Lobby Hotel 25 July - ",promo
7m-0139.jpg,CvJTVmZAAMT,https://www.instagram.com/reel/CvJTVmZAAMT/,reel,612,1088,"Discover eternal elegance at Shangrila Hotel Jakarta Save the Date Love Birds! SOLITAIRE Jewellery & Wedding Showcase Shangril-La, Jakarta Shopping Arcade, Lobby Hotel 25 July - ",promo
7m-0140.jpg,CvFLV20AMi2,https://www.instagram.com/reel/CvFLV20AMi2/,reel,540,960,"Discover eternal elegance at @shangrilajkt Save the Date Love Birds! SOLITAIRE Jewellery & Wedding Showcase Shangril-La, Jakarta Shopping Arcade, Lobby Hotel 25 July - 30 August ",promo
7m-0141.jpg,CvFJNqZpaD1,https://www.instagram.com/p/CvFJNqZpaD1/,p,1080,1080,"Photo by Paket Wedding Jakarta Bali Singapore on July 24, 2023.",review
7m-0142.jpg,Cu8zzmXt2tp,https://www.instagram.com/reel/Cu8zzmXt2tp/,reel,720,1280,Pameran jcc 21-23 Juli 2023 #7magicorganizer #bridestory #weddingku #pameran,reel-review
7m-0143.jpg,Cu8W1BpqnAg,https://www.instagram.com/reel/Cu8W1BpqnAg/,reel,408,726,Join us today JCC Hall B Stand C9 @7magicorganizer @valenciasignature #bridestory #weddingku #weddingvenue #weddingorganizer,reel-review
7m-0144.jpg,Cuy4qUep2gF,https://www.instagram.com/p/Cuy4qUep2gF/,p,1080,1080,"Photo by Paket Wedding Jakarta Bali Singapore on July 17, 2023.",review
7m-0145.jpg,Cuy4dEVJMPj,https://www.instagram.com/p/Cuy4dEVJMPj/,p,1080,1080,"Photo by Paket Wedding Jakarta Bali Singapore on July 17, 2023.",review
7m-0146.jpg,CuqFLi-yaoM,https://www.instagram.com/p/CuqFLi-yaoM/,p,1080,1080,"Photo by Paket Wedding Jakarta Bali Singapore on July 13, 2023.",review
7m-0147.jpg,CuqE0JFSEqS,https://www.instagram.com/p/CuqE0JFSEqS/,p,1080,1080,"Photo by Paket Wedding Jakarta Bali Singapore on July 13, 2023.",review
7m-0148.jpg,Cuild7kpLFd,https://www.instagram.com/p/Cuild7kpLFd/,p,1080,1080,"Photo by Paket Wedding Jakarta Bali Singapore on July 10, 2023.",review
7m-0149.jpg,Ct_EaHXAa7y,https://www.instagram.com/reel/Ct_EaHXAa7y/,reel,540,960,Make Your Wedding Dream Come True bersama vendor-vendor pernikahan top ibukota Organized by : @7magicorganizer Come and Join Us ! FREE ENTRY! MERCURE KOTA WEDDING FAIR 🗓 Mingg,promo
7m-0150.jpg,Ct2u4w8JAke,https://www.instagram.com/p/Ct2u4w8JAke/,p,1080,1080,"Photo by Paket Wedding Jakarta Bali Singapore on June 23, 2023.",review
7m-0151.jpg,CtzSPUAAOrE,https://www.instagram.com/reel/CtzSPUAAOrE/,reel,540,960,"Make Your Wedding Dream Come True bersama vendor-vendor pernikahan top ibukota Come and Join Us ! FREE ENTRY! MERCURE KOTA WEDDING FAIR 🗓 Minggu, 2 Juli 2023 | Pukul 11:00 - 20",promo
7m-0152.jpg,Ctv_OqdpRJV,https://www.instagram.com/p/Ctv_OqdpRJV/,p,1080,1080,"Photo by Paket Wedding Jakarta Bali Singapore on June 21, 2023.",review
7m-0153.jpg,CtjHv8GJM9G,https://www.instagram.com/p/CtjHv8GJM9G/,p,1080,1080,"Photo by Paket Wedding Jakarta Bali Singapore on June 16, 2023.",review
7m-0154.jpg,Ctgu8GGpY5S,https://www.instagram.com/p/Ctgu8GGpY5S/,p,1080,1080,"Photo by Paket Wedding Jakarta Bali Singapore on June 15, 2023.",review
7m-0155.jpg,CtgumbUJr7M,https://www.instagram.com/p/CtgumbUJr7M/,p,1080,1080,"Photo by Paket Wedding Jakarta Bali Singapore on June 15, 2023.",review
7m-0156.jpg,Ctae6ggJi47,https://www.instagram.com/p/Ctae6ggJi47/,p,1080,1080,"Photo by Paket Wedding Jakarta Bali Singapore on June 12, 2023.",review
7m-0157.jpg,CtZinxPJNQB,https://www.instagram.com/p/CtZinxPJNQB/,p,1080,1080,"Photo by Paket Wedding Jakarta Bali Singapore on June 12, 2023.",review
7m-0158.jpg,CtZhvQ4J6JR,https://www.instagram.com/p/CtZhvQ4J6JR/,p,1080,1080,"Photo by Paket Wedding Jakarta Bali Singapore on June 12, 2023.",review
7m-0159.jpg,CsvTpMKAZLi,https://www.instagram.com/reel/CsvTpMKAZLi/,reel,408,726,DAY 1 COME AND JOIN US LOVE BIRDS!! WEDDING SHOWCASE DENGAN PULUHAN VENDOR TERBAIK IBUKOTA HADIR DISINI!! Di @domeharvest NIKMATI PROMO DEAL UNTUK SETIAP TRANSAKSI DAN DAPATK,promo
7m-0160.jpg,CssSSHcNmV2,https://www.instagram.com/p/CssSSHcNmV2/,p,1080,1080,"Photo by Paket Wedding Jakarta Bali Singapore on May 25, 2023.",review
7m-0161.jpg,CssJc_-AS6A,https://www.instagram.com/reel/CssJc_-AS6A/,reel,540,960,Don't miss it!! Wedding Showcase dengan Puluhan Vendor Pernikahan Terbaik di area Tangerang. Save the Date Love Birds! Dream Wedding Showcase Dome of The Harvest Tangerang 27-28 ,promo
7m-0162.jpg,Csp247og3p1,https://www.instagram.com/reel/Csp247og3p1/,reel,540,960,Don't miss it!! Wedding Showcase dengan Puluhan Vendor Pernikahan Terbaik di area Tangerang. Save the Date Love Birds! Dream Wedding Showcase Dome of The Harvest Tangerang 27-28 ,promo
7m-0163.jpg,Csnem_NpiGZ,https://www.instagram.com/p/Csnem_NpiGZ/,p,1080,1080,"Photo by Paket Wedding Jakarta Bali Singapore on May 24, 2023.",review
7m-0164.jpg,CsjCROCru11,https://www.instagram.com/p/CsjCROCru11/,p,1080,1080,Photo by Paket Wedding Jakarta Bali Singapore in World Harvest Dome Lippo Karawaci.,review
7m-0165.jpg,Csi7rJzrElL,https://www.instagram.com/p/Csi7rJzrElL/,p,1080,1080,"Photo by Paket Wedding Jakarta Bali Singapore in Singapore, Singapore.",review
7m-0166.jpg,Csij5FnulaV,https://www.instagram.com/p/Csij5FnulaV/,p,1080,1080,"Photo by Paket Wedding Jakarta Bali Singapore in Sea Aquarium, Sentosa Singapore.",review
7m-0167.jpg,CscvWFoJ0j1,https://www.instagram.com/p/CscvWFoJ0j1/,p,1080,1080,"Photo by Paket Wedding Jakarta Bali Singapore on May 19, 2023.",review
7m-0168.jpg,Csaf1Kjp7jy,https://www.instagram.com/p/Csaf1Kjp7jy/,p,1080,1080,"Photo by Paket Wedding Jakarta Bali Singapore on May 18, 2023.",review
7m-0169.jpg,CsXazSkSgr_,https://www.instagram.com/p/CsXazSkSgr_/,p,1080,1080,Photo by Paket Wedding Jakarta Bali Singapore in Lee Palace 麗雅軒.,review
7m-0170.jpg,CsU9U3HJ8b6,https://www.instagram.com/p/CsU9U3HJ8b6/,p,1080,1080,Photo by Paket Wedding Jakarta Bali Singapore in Westin Hotel Jakarta.,review
7m-0171.jpg,CsLXLe9qkYG,https://www.instagram.com/reel/CsLXLe9qkYG/,reel,540,960,Day 2 Meluber tiada henti tamu di 7Magic WO!! #bridestory #weddingku,reel-review
7m-0172.jpg,CsINBysqjh7,https://www.instagram.com/reel/CsINBysqjh7/,reel,540,960,H-1 7Magic Organizer @jmwf.id #weddingday #weddingorganizer #sgbrides #bridestory #weddingku #weddingorganizerjakarta,reel-review
7m-0173.jpg,CsFONu4Sm4p,https://www.instagram.com/p/CsFONu4Sm4p/,p,1080,1080,"Photo by Paket Wedding Jakarta Bali Singapore on May 10, 2023.",review
7m-0174.jpg,CsFN-Ngy2p5,https://www.instagram.com/p/CsFN-Ngy2p5/,p,1080,1080,"Photo by Paket Wedding Jakarta Bali Singapore on May 10, 2023.",review
7m-0175.jpg,CsFNtKtySUd,https://www.instagram.com/p/CsFNtKtySUd/,p,1080,1080,"Photo by Paket Wedding Jakarta Bali Singapore on May 10, 2023.",review
7m-0176.jpg,CsDywe2JsDp,https://www.instagram.com/p/CsDywe2JsDp/,p,1080,1080,"Photo by Paket Wedding Jakarta Bali Singapore on May 10, 2023.",review
7m-0177.jpg,CsDyJOgp5sV,https://www.instagram.com/p/CsDyJOgp5sV/,p,1080,1080,"Photo by Paket Wedding Jakarta Bali Singapore on May 10, 2023.",review
7m-0178.jpg,CsDxumiJCop,https://www.instagram.com/p/CsDxumiJCop/,p,1080,1080,"Photo by Paket Wedding Jakarta Bali Singapore on May 10, 2023.",review
7m-0179.jpg,CsDZSjJJsuj,https://www.instagram.com/p/CsDZSjJJsuj/,p,1080,1080,"Photo by Paket Wedding Jakarta Bali Singapore on May 09, 2023.",review
7m-0180.jpg,CsDZNSAJhc_,https://www.instagram.com/p/CsDZNSAJhc_/,p,1080,1080,"Photo by Paket Wedding Jakarta Bali Singapore on May 09, 2023.",review
7m-0181.jpg,CsDY9mNp6qr,https://www.instagram.com/p/CsDY9mNp6qr/,p,1080,1080,"Photo by Paket Wedding Jakarta Bali Singapore on May 09, 2023.",review
7m-0182.jpg,Cr9f-fYyXs9,https://www.instagram.com/p/Cr9f-fYyXs9/,p,1080,1080,Photo by Paket Wedding Jakarta Bali Singapore in Amaryllis Boutique Resort.,review
7m-0183.jpg,Cr9fi7eyQqg,https://www.instagram.com/p/Cr9fi7eyQqg/,p,1080,1080,"Photo by Paket Wedding Jakarta Bali Singapore on May 07, 2023.",review
7m-0184.jpg,Cr2A01jpTNE,https://www.instagram.com/p/Cr2A01jpTNE/,p,1080,1080,"Photo by Paket Wedding Jakarta Bali Singapore on May 04, 2023.",review
7m-0185.jpg,Cr2Aa-qJLTQ,https://www.instagram.com/p/Cr2Aa-qJLTQ/,p,1080,1080,"Photo by Paket Wedding Jakarta Bali Singapore on May 04, 2023.",review
7m-0186.jpg,Cr2AD67peVN,https://www.instagram.com/p/Cr2AD67peVN/,p,1080,1080,"Photo by Paket Wedding Jakarta Bali Singapore on May 04, 2023.",review
7m-0187.jpg,CryFZp5N0tL,https://www.instagram.com/p/CryFZp5N0tL/,p,1080,1080,"Photo by Paket Wedding Jakarta Bali Singapore on May 03, 2023.",review
7m-0188.jpg,Crk9MAXp23L,https://www.instagram.com/p/Crk9MAXp23L/,p,1080,1080,"Photo by Paket Wedding Jakarta Bali Singapore on April 28, 2023.",review
7m-0189.jpg,CrcNVgNpggG,https://www.instagram.com/p/CrcNVgNpggG/,p,1080,1080,"Photo by Paket Wedding Jakarta Bali Singapore on April 24, 2023.",review
7m-0190.jpg,CrcLj1_vdO9,https://www.instagram.com/p/CrcLj1_vdO9/,p,1440,1440,"Photo by Paket Wedding Jakarta Bali Singapore on April 24, 2023.",review
7m-0191.jpg,CraO86oppqM,https://www.instagram.com/p/CraO86oppqM/,p,1080,1080,"Photo by Paket Wedding Jakarta Bali Singapore on April 24, 2023.",review
7m-0192.jpg,CrSSl8_Jt0r,https://www.instagram.com/p/CrSSl8_Jt0r/,p,1080,1080,"Photo by Paket Wedding Jakarta Bali Singapore on April 20, 2023.",review
7m-0193.jpg,CrSSAODJTQy,https://www.instagram.com/p/CrSSAODJTQy/,p,720,720,"Photo by Paket Wedding Jakarta Bali Singapore on April 20, 2023.",review
7m-0194.jpg,Cq4Kk5XtWT9,https://www.instagram.com/p/Cq4Kk5XtWT9/,p,1080,1080,"Photo by Paket Wedding Jakarta Bali Singapore on April 10, 2023.",review
7m-0195.jpg,Cq4KN6CvZr_,https://www.instagram.com/p/Cq4KN6CvZr_/,p,720,720,"Photo by Paket Wedding Jakarta Bali Singapore on April 10, 2023.",review
7m-0196.jpg,Cq1-MRbt_73,https://www.instagram.com/p/Cq1-MRbt_73/,p,1080,1080,"Photo by Paket Wedding Jakarta Bali Singapore on April 09, 2023.",review
7m-0197.jpg,CqMnp4mpCoA,https://www.instagram.com/p/CqMnp4mpCoA/,p,1440,1440,"Photo by Paket Wedding Jakarta Bali Singapore on March 24, 2023.",review
7m-0198.jpg,CqMnWIXprtf,https://www.instagram.com/p/CqMnWIXprtf/,p,1080,1080,"Photo by Paket Wedding Jakarta Bali Singapore on March 24, 2023.",review
7m-0199.jpg,CqMmdIbJEI7,https://www.instagram.com/p/CqMmdIbJEI7/,p,1440,1440,"Photo by Paket Wedding Jakarta Bali Singapore on March 24, 2023.",review
7m-0200.jpg,CpPpfK9Jnl3,https://www.instagram.com/p/CpPpfK9Jnl3/,p,1080,1080,"Photo by Paket Wedding Jakarta Bali Singapore on March 01, 2023.",review
7m-0201.jpg,CpM7sHIJaPM,https://www.instagram.com/p/CpM7sHIJaPM/,p,1080,1080,"Photo by Paket Wedding Jakarta Bali Singapore on February 28, 2023.",review
7m-0202.jpg,CpM7WNUJg9m,https://www.instagram.com/p/CpM7WNUJg9m/,p,1080,1080,"Photo by Paket Wedding Jakarta Bali Singapore on February 28, 2023.",review
7m-0203.jpg,CpM5JMVpU8p,https://www.instagram.com/p/CpM5JMVpU8p/,p,1080,1080,"Photo by Paket Wedding Jakarta Bali Singapore on February 28, 2023.",review
7m-0204.jpg,CpAbmMJJAu3,https://www.instagram.com/p/CpAbmMJJAu3/,p,1080,1080,"Photo by Paket Wedding Jakarta Bali Singapore on February 23, 2023.",review
7m-0205.jpg,CpAbhmPpp9N,https://www.instagram.com/p/CpAbhmPpp9N/,p,1080,1080,"Photo by Paket Wedding Jakarta Bali Singapore on February 23, 2023.",review
7m-0206.jpg,CpAbVNip1w-,https://www.instagram.com/p/CpAbVNip1w-/,p,1080,1080,"Photo by Paket Wedding Jakarta Bali Singapore on February 23, 2023.",review
7m-0207.jpg,ClnFD_iJL4g,https://www.instagram.com/p/ClnFD_iJL4g/,p,1080,1080,"Photo by Paket Wedding Jakarta Bali Singapore on November 30, 2022.",review
7m-0208.jpg,ClnE5Mlpmva,https://www.instagram.com/p/ClnE5Mlpmva/,p,1080,1080,"Photo by Paket Wedding Jakarta Bali Singapore on November 30, 2022.",review
7m-0209.jpg,ClaeharPQOE,https://www.instagram.com/p/ClaeharPQOE/,p,1080,1080,"Photo by Paket Wedding Jakarta Bali Singapore on November 25, 2022.",review
7m-0210.jpg,ClaZNd7vdx6,https://www.instagram.com/p/ClaZNd7vdx6/,p,1080,1080,"Photo by Paket Wedding Jakarta Bali Singapore on November 25, 2022.",review
7m-0211.jpg,ClYHQMQA5cK,https://www.instagram.com/reel/ClYHQMQA5cK/,reel,540,960,Datang dan kunjungi kami di JCC sekarang @weddingku Jakarta festival,reel-review
7m-0212.jpg,Ck21INTgXxY,https://www.instagram.com/reel/Ck21INTgXxY/,reel,612,1088,Helloo Bride & Groom! don't miss the chance to meet with us at WCF 2022!! Kami akan menghadirkan banyak paket menarik untuk wedding kalian di tahun 2023! Nantikan berbagai promo he,promo
7m-0213.jpg,Ck2rTZ0gwwn,https://www.instagram.com/reel/Ck2rTZ0gwwn/,reel,1080,1080,Helloo Bride & Groom! don't miss the chance to meet with us at WCF 2022!! Kami akan menghadirkan banyak paket menarik untuk wedding kalian di tahun 2023! Nantikan berbagai promo he,promo
7m-0214.jpg,Ck2q9pyJ9oG,https://www.instagram.com/p/Ck2q9pyJ9oG/,p,1440,1440,"Photo by Paket Wedding Jakarta Bali Singapore on November 12, 2022.",review
7m-0215.jpg,Ck2qjLbJVYb,https://www.instagram.com/p/Ck2qjLbJVYb/,p,1440,1440,"Photo by Paket Wedding Jakarta Bali Singapore on November 12, 2022.",review
7m-0216.jpg,Ck2pyu1pxs5,https://www.instagram.com/p/Ck2pyu1pxs5/,p,1440,1440,"Photo by Paket Wedding Jakarta Bali Singapore on November 12, 2022.",review
7m-0217.jpg,CkyRfH1J71k,https://www.instagram.com/p/CkyRfH1J71k/,p,1080,1080,"Photo by Paket Wedding Jakarta Bali Singapore on November 10, 2022.",review
7m-0218.jpg,Ckpm4pPA2Ga,https://www.instagram.com/reel/Ckpm4pPA2Ga/,reel,540,960,A Day at Mercure Jakarta Kota Wedding showcase 26-27 November 2022 10am-8pm Come and join us and save your best deal ever for your wedding day with our best vendors! Many bonus a,reel-review
7m-0219.jpg,CkpkhePOMcv,https://www.instagram.com/p/CkpkhePOMcv/,p,1080,1080,"Photo by Paket Wedding Jakarta Bali Singapore on November 06, 2022.",review
7m-0220.jpg,CkpkZn5Js_A,https://www.instagram.com/p/CkpkZn5Js_A/,p,1080,1080,"Photo by Paket Wedding Jakarta Bali Singapore on November 06, 2022.",review
7m-0221.jpg,CkpjpwGvI-B,https://www.instagram.com/p/CkpjpwGvI-B/,p,1080,1080,"Photo by Paket Wedding Jakarta Bali Singapore on November 06, 2022.",review
7m-0222.jpg,CkkcBvnMedf,https://www.instagram.com/p/CkkcBvnMedf/,p,1080,1080,"Photo by Paket Wedding Jakarta Bali Singapore on November 04, 2022.",review
7m-0223.jpg,Ckka89xMOkS,https://www.instagram.com/p/Ckka89xMOkS/,p,1080,1080,"Photo by Paket Wedding Jakarta Bali Singapore on November 04, 2022.",review
7m-0224.jpg,CkkZ1xHJ0PB,https://www.instagram.com/p/CkkZ1xHJ0PB/,p,1080,1080,"Photo by Paket Wedding Jakarta Bali Singapore on November 04, 2022.",review
7m-0225.jpg,Ckj1QAzDBau,https://www.instagram.com/reel/Ckj1QAzDBau/,reel,540,960,Last 2 days to get the special deal for ShangriLa Hotel Venue deal start from 219.9 million only! Harga naik kembali setelah pameran ! Yuk jangan sampai ketinggalan deal menarik ak,reel-review
7m-0226.jpg,CkdGsgZgfMG,https://www.instagram.com/reel/CkdGsgZgfMG/,reel,540,960,FREE WEDDING CONSULTATION SESSION Meet the experts and have an intimate consultation about how you can make your wedding perfect. ❤️ Limited spot available. Contact us for RSVP,reel-review
7m-0227.jpg,CkaxPqguc6W,https://www.instagram.com/p/CkaxPqguc6W/,p,1080,1080,"Photo by Paket Wedding Jakarta Bali Singapore on November 01, 2022.",review
7m-0228.jpg,CkZbZ0wAJRv,https://www.instagram.com/reel/CkZbZ0wAJRv/,reel,540,960,Simplify your planning with professionally arranged wedding package by @7magicorganizer in collaboration with the best wedding vendors. Book your wedding now at @shangrilajkt venue,reel-review
7m-0229.jpg,CkUwlF-goMW,https://www.instagram.com/reel/CkUwlF-goMW/,reel,352,640,Sedang sibuk planning wedding love birds?? Jangan lupa untuk datang ke Solitaire Wedding Showcase tanggal 25 Oktober - 6 November 2022 di ShangriLa Hotel Shopping Arcade Jakarta. ,reel-review
7m-0230.jpg,CkQ7x5tpckd,https://www.instagram.com/reel/CkQ7x5tpckd/,reel,540,960,Simplify your planning with professionally arranged wedding package by @7magicorganizer in collaboration with the best wedding vendors. Book your wedding now at @shangrilajkt venue,reel-review
7m-0231.jpg,CkE9asqg_Fq,https://www.instagram.com/reel/CkE9asqg_Fq/,reel,540,960,Simplify your planning with professionally arranged wedding package by @7magicorganizer in collaboration with the best wedding vendors. Book your wedding now at @shangrilajkt venue,reel-review
7m-0232.jpg,Cj9B6EIvR9t,https://www.instagram.com/p/Cj9B6EIvR9t/,p,1080,1080,"Photo by Paket Wedding Jakarta Bali Singapore on October 20, 2022.",review
7m-0233.jpg,Cj89Ye4gEA0,https://www.instagram.com/reel/Cj89Ye4gEA0/,reel,540,960,"Remark your calendar Love Birds! , Don't miss the exclusive venue deal at @shangrilajkt in collaboration with @7magicorganizer , @goldroseidn , @ladybellecouture Come and join us ",reel-review
7m-0234.jpg,Cj5I5xuJrJm,https://www.instagram.com/p/Cj5I5xuJrJm/,p,1080,1080,"Photo by Paket Wedding Jakarta Bali Singapore on October 19, 2022.",review
7m-0235.jpg,Cj5Iz7LJWrX,https://www.instagram.com/p/Cj5Iz7LJWrX/,p,1080,1080,"Photo by Paket Wedding Jakarta Bali Singapore on October 19, 2022.",review
7m-0236.jpg,Cj5IqpdpD6q,https://www.instagram.com/p/Cj5IqpdpD6q/,p,1080,1080,"Photo by Paket Wedding Jakarta Bali Singapore on October 19, 2022.",review
7m-0237.jpg,Cj5HsT0poBq,https://www.instagram.com/p/Cj5HsT0poBq/,p,1080,1080,"Photo by Paket Wedding Jakarta Bali Singapore on October 19, 2022.",review
7m-0238.jpg,Cj5HhiRJmYa,https://www.instagram.com/p/Cj5HhiRJmYa/,p,1080,1080,"Photo by Paket Wedding Jakarta Bali Singapore on October 19, 2022.",review
7m-0239.jpg,CjzlWrXgAin,https://www.instagram.com/reel/CjzlWrXgAin/,reel,540,960,"Remark your calendar Love Birds! , Don't miss the exclusive venue deal at @shangrilajkt in collaboration with @7magicorganizer , @goldroseidn , @ladybellecouture Come and join us",reel-review
7m-0240.jpg,Cjrb6HMDzIb,https://www.instagram.com/reel/Cjrb6HMDzIb/,reel,540,960,Asia Magical Wedding Showcase collaboration @7magicorganizer with @ritzcarltonjakarta & @asia_jakarta & @lobo_jkt Thank you for supported vendors: @galathia.decor @kianphotomorp,reel-review
7m-0241.jpg,CiUXORdAmFG,https://www.instagram.com/reel/CiUXORdAmFG/,reel,720,1280,More Exciting Wedding Deals with our Luxury Venue Deal! Come and join us now @ritzcarltonjakarta #ritzcarltonjakarta #loborestaurant #asiarestaurant #7magicorganizer #weddinge,reel-review
7m-0242.jpg,CiUCQ8OvNsH,https://www.instagram.com/p/CiUCQ8OvNsH/,p,1080,1080,"Photo by Paket Wedding Jakarta Bali Singapore on September 09, 2022.",review
7m-0243.jpg,CiRs_qWvkue,https://www.instagram.com/p/CiRs_qWvkue/,p,1080,1080,"Photo by Paket Wedding Jakarta Bali Singapore in The Ritz-Carlton Jakarta, Mega Kuningan.",review
7m-0244.jpg,CiRsBS3P4jG,https://www.instagram.com/p/CiRsBS3P4jG/,p,1080,1080,"Photo by Paket Wedding Jakarta Bali Singapore in The Ritz-Carlton Jakarta, Mega Kuningan.",review
7m-0245.jpg,CiRrji9vJX7,https://www.instagram.com/p/CiRrji9vJX7/,p,1080,1080,"Photo by Paket Wedding Jakarta Bali Singapore in The Ritz-Carlton Jakarta, Mega Kuningan.",review
7m-0246.jpg,CiRrUrzPSZY,https://www.instagram.com/p/CiRrUrzPSZY/,p,1080,1080,"Photo by Paket Wedding Jakarta Bali Singapore in The Ritz-Carlton Jakarta, Mega Kuningan.",review
7m-0247.jpg,CiRqV2TveDZ,https://www.instagram.com/p/CiRqV2TveDZ/,p,1080,1080,"Photo by Paket Wedding Jakarta Bali Singapore on September 08, 2022.",review
7m-0248.jpg,CiRgwhDP-L4,https://www.instagram.com/p/CiRgwhDP-L4/,p,1080,1080,"Photo shared by Paket Wedding Jakarta Bali Singapore on September 08, 2022 tagging @kianphotomorphosis, @davidentertainment, @rrcakes, @maeeradecorationwedding, @coutier_the, @iwil",review
7m-0249.jpg,Ch6_KoSAJ4e,https://www.instagram.com/reel/Ch6_KoSAJ4e/,reel,540,960,"Create Your Magical Moment With Us SAVE THE DATE ! 'Asia Magical Wedding Showcase ' in collaboration @asia_jakarta , @ritzcarltonjakarta , @7magicorganizer at Ritz Carlton Mega Ku",promo
7m-0250.jpg,Ch63be4OKui,https://www.instagram.com/p/Ch63be4OKui/,p,1080,1080,"Photo by Paket Wedding Jakarta Bali Singapore in The Ritz-Carlton Jakarta, Mega Kuningan with @kianphotomorphosis, @rrcakes, @maeeradecorationwedding, @coutier_the, @iwillphotolab,",review
7m-0251.jpg,ChwYiiWvI7H,https://www.instagram.com/p/ChwYiiWvI7H/,p,1080,1080,"Photo by Paket Wedding Jakarta Bali Singapore on August 27, 2022.",review
7m-0252.jpg,Chuert4B1YU,https://www.instagram.com/reel/Chuert4B1YU/,reel,540,960,"Mau bikin destination wedding? @7magicorganizer aja! Kami bikin planning wedding love birds bebas ribet, berkelas dan on budget! Cus segera hubungi kami untuk info lebih jelas tent",reel-review
7m-0253.jpg,Chh4EfPpPgl,https://www.instagram.com/p/Chh4EfPpPgl/,p,1080,1080,"Photo by Paket Wedding Jakarta Bali Singapore on August 21, 2022.",review
7m-0254.jpg,Chh3XOQptL7,https://www.instagram.com/p/Chh3XOQptL7/,p,1440,1440,"Photo by Paket Wedding Jakarta Bali Singapore on August 21, 2022.",review
7m-0255.jpg,ChCKUk7pJZe,https://www.instagram.com/p/ChCKUk7pJZe/,p,1080,1080,"Photo by Paket Wedding Jakarta Bali Singapore on August 09, 2022.",review
7m-0256.jpg,Cg3IUJdpzg4,https://www.instagram.com/p/Cg3IUJdpzg4/,p,1080,1080,"Photo by Paket Wedding Jakarta Bali Singapore on August 04, 2022.",review
7m-0257.jpg,Cg3HFPYJRSM,https://www.instagram.com/p/Cg3HFPYJRSM/,p,1440,1440,"Photo by Paket Wedding Jakarta Bali Singapore on August 04, 2022.",review
7m-0258.jpg,Cg0wD67A4_a,https://www.instagram.com/reel/Cg0wD67A4_a/,reel,540,960,Intip intip paket venue deal 2023?? Ayo mari wujudkan pernikahan impianmu bersama @7magicorganizer. Don't miss our Premium Venue Deal Promo!! (Valid for Wedding until June 2023) ,promo
7m-0259.jpg,Cg0ryJ8vHGD,https://www.instagram.com/p/Cg0ryJ8vHGD/,p,1080,1080,Photo by Paket Wedding Jakarta Bali Singapore in Hotel Indonesia Kempinski Jakarta.,review
7m-0260.jpg,Cg0gozNvTxK,https://www.instagram.com/p/Cg0gozNvTxK/,p,1080,1080,Photo by Paket Wedding Jakarta Bali Singapore in Grand Mercure Jakarta Kemayoran.,review
7m-0261.jpg,CgoID0iA5us,https://www.instagram.com/reel/CgoID0iA5us/,reel,540,960,Intip intip paket venue deal 2023?? Ayo mari wujudkan pernikahan impianmu bersama @7magicorganizer. Don't miss our Premium Venue Deal Promo!! (Valid for Wedding until June 2023) ,promo
7m-0262.jpg,CfyK95bP-ct,https://www.instagram.com/p/CfyK95bP-ct/,p,1080,1080,"Photo by Paket Wedding Jakarta Bali Singapore in The Ritz-Carlton Jakarta, Pacific Place.",review
7m-0263.jpg,CfwYib-PZwJ,https://www.instagram.com/p/CfwYib-PZwJ/,p,1080,1080,Photo by Paket Wedding Jakarta Bali Singapore in JHL Solitaire Gading Serpong.,review
7m-0264.jpg,Cfs6B9dPRu8,https://www.instagram.com/p/Cfs6B9dPRu8/,p,1080,1080,Photo by Paket Wedding Jakarta Bali Singapore in JHL Solitaire Gading Serpong.,review
7m-0265.jpg,CfqRnV0vk8x,https://www.instagram.com/p/CfqRnV0vk8x/,p,1080,1080,"Photo by Paket Wedding Jakarta Bali Singapore on July 05, 2022.",review
7m-0266.jpg,CfoSAQoPROU,https://www.instagram.com/p/CfoSAQoPROU/,p,1080,1080,"Photo by Paket Wedding Jakarta Bali Singapore on July 05, 2022.",review
7m-0267.jpg,Cfl1pZJvaYY,https://www.instagram.com/p/Cfl1pZJvaYY/,p,1080,1080,"Photo by Paket Wedding Jakarta Bali Singapore on July 04, 2022.",review
7m-0268.jpg,Ce0MGExPeJl,https://www.instagram.com/p/Ce0MGExPeJl/,p,0,0,"Photo by Paket Wedding Jakarta Bali Singapore on June 14, 2022.",review
7m-0269.jpg,CexDJAQvpEr,https://www.instagram.com/p/CexDJAQvpEr/,p,0,0,Photo by Paket Wedding Jakarta Bali Singapore in Episode Gading Serpong.,review
7m-0270.jpg,CewA6QEPLLI,https://www.instagram.com/p/CewA6QEPLLI/,p,0,0,"Photo by Paket Wedding Jakarta Bali Singapore on June 13, 2022.",review
7m-0271.jpg,CenJuv9PKLk,https://www.instagram.com/p/CenJuv9PKLk/,p,0,0,"Photo by Paket Wedding Jakarta Bali Singapore on June 09, 2022.",review
7m-0272.jpg,CefoxDdv560,https://www.instagram.com/p/CefoxDdv560/,p,0,0,"Photo by Paket Wedding Jakarta Bali Singapore on June 06, 2022.",review
7m-0273.jpg,CeWJZLMAzcP,https://www.instagram.com/reel/CeWJZLMAzcP/,reel,0,0,"Day 1 @grandweddingexpo.id @7magicorganizer Thank you buat capeng-capeng yang sudah datang dan deal langsung dengan kami! Buat yang belum datang, jangan ketinggalan untuk datang be",promo
7m-0274.jpg,CeUJYgsPhoT,https://www.instagram.com/p/CeUJYgsPhoT/,p,0,0,"Photo by Paket Wedding Jakarta Bali Singapore on June 02, 2022.",review
7m-0275.jpg,CeUIg4ZPyuJ,https://www.instagram.com/p/CeUIg4ZPyuJ/,p,0,0,"Photo by Paket Wedding Jakarta Bali Singapore on June 02, 2022.",review
7m-0276.jpg,CeTceOFgHHV,https://www.instagram.com/reel/CeTceOFgHHV/,reel,0,0,Be there guys! meet and deal with us! Grab the wedding promo only on exhibition @7magicorganizer x @kianphotomorphosis x @valenciasignature 7Magic Wedding Organizer selalu berkom,promo
7m-0277.jpg,Cd57i4rvbfM,https://www.instagram.com/p/Cd57i4rvbfM/,p,0,0,"Photo by Paket Wedding Jakarta Bali Singapore on May 23, 2022.",review
7m-0278.jpg,CdxaBi5v3j-,https://www.instagram.com/p/CdxaBi5v3j-/,p,0,0,"Photo by Paket Wedding Jakarta Bali Singapore on May 20, 2022.",review
7m-0279.jpg,CdvylANPd7X,https://www.instagram.com/p/CdvylANPd7X/,p,0,0,Photo by Paket Wedding Jakarta Bali Singapore in Novotel Jakarta Mangga Dua Square.,review
7m-0280.jpg,Cda4qLBvinf,https://www.instagram.com/p/Cda4qLBvinf/,p,1080,1080,"Photo by Paket Wedding Jakarta Bali Singapore on May 11, 2022.",review
7m-0281.jpg,CdSJ0L_g65A,https://www.instagram.com/reel/CdSJ0L_g65A/,reel,540,960,# happilyeverkus Thank you for having us : @kevin_kusuma & @angelina.lydiaa Congratulations once again for your wedding day 💖🌹 WP : @7magicorganizer Venue : @theimperium.id MC,reel-review
7m-0282.jpg,CcpLYvOvPQJ,https://www.instagram.com/p/CcpLYvOvPQJ/,p,1080,1080,"Photo by Paket Wedding Jakarta Bali Singapore on April 21, 2022.",review
7m-0283.jpg,CcpKIMNP55j,https://www.instagram.com/p/CcpKIMNP55j/,p,1080,1080,Photo by Paket Wedding Jakarta Bali Singapore in Novotel Jakarta Mangga Dua Square.,review
7m-0284.jpg,Cch9E2Lv4J2,https://www.instagram.com/p/Cch9E2Lv4J2/,p,1080,1080,"Photo by Paket Wedding Jakarta Bali Singapore on April 19, 2022.",review
7m-0285.jpg,CcfkZqVvnof,https://www.instagram.com/p/CcfkZqVvnof/,p,666,666,Photo by Paket Wedding Jakarta Bali Singapore in Grand Hyatt Jakarta.,review
7m-0286.jpg,CcaqTCzPtOu,https://www.instagram.com/p/CcaqTCzPtOu/,p,940,788,"Photo by Paket Wedding Jakarta Bali Singapore on April 16, 2022.",review
7m-0287.jpg,CcanLIQgrmO,https://www.instagram.com/reel/CcanLIQgrmO/,reel,540,840,Wedding @jojohby & @dephy66 WP : @7magicorganizer MUA @njsmakeup Shoes @donamicipershoenalize Decoration @joelledecoration Cake @royaltycake.id Gown @graciasroyalwedding Gown mom @,reel-review
7m-0288.jpg,CcW39wFv16a,https://www.instagram.com/p/CcW39wFv16a/,p,940,788,"Photo by Paket Wedding Jakarta Bali Singapore on April 14, 2022.",review
7m-0289.jpg,CcW33qHvY9L,https://www.instagram.com/p/CcW33qHvY9L/,p,585,585,Photo by Paket Wedding Jakarta Bali Singapore in Ocha & Bella.,review
7m-0290.jpg,CcW3kGdvihj,https://www.instagram.com/p/CcW3kGdvihj/,p,940,788,"Photo by Paket Wedding Jakarta Bali Singapore on April 14, 2022.",review
7m-0291.jpg,CcKAlMSP0E9,https://www.instagram.com/p/CcKAlMSP0E9/,p,658,658,Photo by Paket Wedding Jakarta Bali Singapore in Qubika Boutique Hotel.,review
7m-0292.jpg,CcIzaViPC_n,https://www.instagram.com/p/CcIzaViPC_n/,p,1080,1080,"Photo by Paket Wedding Jakarta Bali Singapore on April 09, 2022.",review
7m-0293.jpg,CcFnp1xvDDV,https://www.instagram.com/p/CcFnp1xvDDV/,p,1080,1080,Photo by Paket Wedding Jakarta Bali Singapore in Swissbel Hotel- Mangga Besar..,review
7m-0294.jpg,CcAsXTYvBk2,https://www.instagram.com/p/CcAsXTYvBk2/,p,1080,1080,"Photo by Paket Wedding Jakarta Bali Singapore on April 06, 2022.",review
7m-0295.jpg,Cb-RRFxAsdg,https://www.instagram.com/reel/Cb-RRFxAsdg/,reel,720,1280,Beautiful love story of @iampauluz & @niellenhe Planner & Organizer : @7magicorganizer Sangjit Organizer : @7magic_sangjit Venue : @novotelmanggaduasquare Decoration : @flawles,reel-review
7m-0296.jpg,Cbz33b6P34z,https://www.instagram.com/p/Cbz33b6P34z/,p,1080,1080,"Photo by Paket Wedding Jakarta Bali Singapore on April 01, 2022.",review
7m-0297.jpg,Cbz28d5vMJp,https://www.instagram.com/p/Cbz28d5vMJp/,p,1080,1080,"Photo by Paket Wedding Jakarta Bali Singapore on April 01, 2022.",review
7m-0298.jpg,Cbe1WrbPtgW,https://www.instagram.com/p/Cbe1WrbPtgW/,p,1080,1080,"Photo by Paket Wedding Jakarta Bali Singapore on March 24, 2022.",review
7m-0299.jpg,CbT6Cw8AFyB,https://www.instagram.com/reel/CbT6Cw8AFyB/,reel,540,840,Thank you for having us Widi & @kim0yy 💓💓 Mau nikah tahun ini? Belum tau harus ngapain? Ayo datang kunjungi stand kami segera! Puluhan paket venue deal menanti anda! Deal on ,reel-review
7m-0300.jpg,CbQXvIVgUuO,https://www.instagram.com/reel/CbQXvIVgUuO/,reel,540,840,"The Wedding of Alan & Jessica , putri dari Bpk Edward Sirait (Presdir PT. Lion Mentari Airlines) with 170+ VIP guests. Thank you for having us 💓 7Magic Wedding Organizer selalu ",showcase
7m-0301.jpg,CbPiI8hP9XB,https://www.instagram.com/p/CbPiI8hP9XB/,p,958,958,Photo by Paket Wedding Jakarta Bali Singapore in Hotel Santika Premiere Slipi Jakarta.,review
7m-0302.jpg,CbPh4tsPhnL,https://www.instagram.com/p/CbPh4tsPhnL/,p,1080,810,"Photo by Paket Wedding Jakarta Bali Singapore on March 18, 2022.",review
7m-0303.jpg,CbPhESUAgVU,https://www.instagram.com/reel/CbPhESUAgVU/,reel,480,480,Thank you for having us Anthony & @florencejunaidy 7Magic Wedding Organizer selalu berkomitmen memberikan service terbaik untuk para klien kami. Mau diskusi wedding kalian? Just c,reel-review
7m-0304.jpg,CbO9kLivnF3,https://www.instagram.com/p/CbO9kLivnF3/,p,1080,1080,"Photo by Paket Wedding Jakarta Bali Singapore on March 17, 2022.",review
7m-0305.jpg,CbM1HRSAUTb,https://www.instagram.com/reel/CbM1HRSAUTb/,reel,720,720,Celebrate the best moment of your life with your very important persons in your life 💓 Thankyou for having us @iampauluz & @niellenhe Thanks to vendors : Planner & Styling : @7,reel-review
7m-0306.jpg,CbMypiMvYzu,https://www.instagram.com/p/CbMypiMvYzu/,p,1080,1080,"Photo by Paket Wedding Jakarta Bali Singapore on March 17, 2022.",review
7m-0307.jpg,CbJjWkKgk2a,https://www.instagram.com/reel/CbJjWkKgk2a/,reel,480,600,Thank you for having us @iampauluz & @niellenhe 7Magic Wedding Organizer selalu berkomitmen memberikan service terbaik untuk para klien kami. Mau diskusi wedding kalian? Just cont,reel-review
7m-0308.jpg,CbJia2zvaL7,https://www.instagram.com/p/CbJia2zvaL7/,p,1080,1080,"Photo by Paket Wedding Jakarta Bali Singapore on March 15, 2022.",review
7m-0309.jpg,CbJiU1pgJrp,https://www.instagram.com/reel/CbJiU1pgJrp/,reel,480,600,Thank you for having us @danielwjy90 & @fera_liem 💓 7Magic Wedding Organizer selalu berkomitmen memberikan service terbaik untuk para klien kami. Mau diskusi wedding kalian? Just,reel-review
7m-0310.jpg,CbJhoeJPoIW,https://www.instagram.com/p/CbJhoeJPoIW/,p,1080,1080,"Photo by Paket Wedding Jakarta Bali Singapore on March 15, 2022.",review
7m-0311.jpg,CbJhbbmgKGx,https://www.instagram.com/reel/CbJhbbmgKGx/,reel,720,720,Keceriaan after wedding party! 🥳 7Magic Wedding Organizer selalu berkomitmen memberikan service terbaik untuk para klien kami. Mau diskusi wedding kalian? Just contact us 💓 #,reel-review
7m-0312.jpg,CbJfy92PKMK,https://www.instagram.com/p/CbJfy92PKMK/,p,1080,1080,"Photo by Paket Wedding Jakarta Bali Singapore on March 15, 2022.",review
7m-0313.jpg,CaxE4QTgzZt,https://www.instagram.com/reel/CaxE4QTgzZt/,reel,546,546,Thank you for having us Calvin @ceestrike & Paulina @paulinapaooo Venue : @jhlsolitaireserpong Dokumentasi : @getherring Decor : @joelledecoration Mua : @claudiavalenciamakeup ,reel-review
7m-0314.jpg,CawYPnfPP_j,https://www.instagram.com/p/CawYPnfPP_j/,p,1080,1080,"Photo by Paket Wedding Jakarta Bali Singapore on March 06, 2022.",review
7m-0315.jpg,Cau60n-v3Hg,https://www.instagram.com/p/Cau60n-v3Hg/,p,710,710,"Photo by Paket Wedding Jakarta Bali Singapore on March 05, 2022.",review
7m-0316.jpg,Cau5nKDvTvr,https://www.instagram.com/p/Cau5nKDvTvr/,p,1080,1080,"Photo by Paket Wedding Jakarta Bali Singapore on March 05, 2022.",review
7m-0317.jpg,CaY8dNTvpBm,https://www.instagram.com/p/CaY8dNTvpBm/,p,868,868,Photo by Paket Wedding Jakarta Bali Singapore in Novotel Jakarta Mangga Dua Square.,review
7m-0318.jpg,CaHDOhePJeW,https://www.instagram.com/p/CaHDOhePJeW/,p,1080,1080,"Photo by Paket Wedding Jakarta Bali Singapore on February 17, 2022.",review
7m-0319.jpg,CZ1UL4aAMVZ,https://www.instagram.com/reel/CZ1UL4aAMVZ/,reel,480,480,Thanks for having us Ronny & @melianamiele Thanks to vendors : Wedding planner : @7magicorganizer Sangjit : @7magic_sangjit Venue: @qubikahotel Dokumentasi : @niskalaphoto Decor,reel-review
7m-0320.jpg,CZ08ENzPwld,https://www.instagram.com/p/CZ08ENzPwld/,p,1080,1080,Photo by Paket Wedding Jakarta Bali Singapore in Novotel Jakarta Mangga Dua Square.,review
7m-0321.jpg,CZ07hcxvSBA,https://www.instagram.com/p/CZ07hcxvSBA/,p,1080,1080,Photo by Paket Wedding Jakarta Bali Singapore in Novotel Jakarta Mangga Dua Square.,review
7m-0322.jpg,CZytK3PvNh2,https://www.instagram.com/p/CZytK3PvNh2/,p,1080,1080,Photo by Paket Wedding Jakarta Bali Singapore in Hotel Mulia Bali.,review
7m-0323.jpg,CZwMCMMvETG,https://www.instagram.com/p/CZwMCMMvETG/,p,665,665,Photo by Paket Wedding Jakarta Bali Singapore in Klapa Resort.,review
7m-0324.jpg,CZlL_KFviL8,https://www.instagram.com/p/CZlL_KFviL8/,p,1080,1080,"Photo by Paket Wedding Jakarta Bali Singapore on February 04, 2022.",review
7m-0325.jpg,CZi4Kb5g8xE,https://www.instagram.com/reel/CZi4Kb5g8xE/,reel,480,600,Thanks for having us Andi & @selviemarina Thanks to vendors : WO : @7magicorganizer Sangjit : @7magic_sangjit Venue : @77cateringservice Decor @joelledecoration Dokumentasi : ,reel-review
7m-0326.jpg,CZhcDXXP4c8,https://www.instagram.com/p/CZhcDXXP4c8/,p,1080,1080,Photo by Paket Wedding Jakarta Bali Singapore in Grand Mercure Jakarta Kemayoran.,review
7m-0327.jpg,CZdwKxNP0wm,https://www.instagram.com/p/CZdwKxNP0wm/,p,614,614,Photo by Paket Wedding Jakarta Bali Singapore in Grand Hyatt Jakarta.,review
7m-0328.jpg,CZdvQ1BPi-7,https://www.instagram.com/p/CZdvQ1BPi-7/,p,1080,1080,Photo by Paket Wedding Jakarta Bali Singapore in Swissôtel Jakarta PIK Avenue.,review
7m-0329.jpg,CZTv_mFvJZk,https://www.instagram.com/p/CZTv_mFvJZk/,p,1080,1096,Photo by Paket Wedding Jakarta Bali Singapore in Grand Mercure Jakarta Kemayoran.,review
7m-0330.jpg,CZRHTk0v-nm,https://www.instagram.com/p/CZRHTk0v-nm/,p,1080,1080,"Photo by Paket Wedding Jakarta Bali Singapore on January 28, 2022.",review
7m-0331.jpg,CZRA8Y9ocr8,https://www.instagram.com/reel/CZRA8Y9ocr8/,reel,480,480,Thanks for having us @jojohby & @dephy66 WO : @7magicorganizer Venue : @swissoteljkt @summers_atthepool Decoration : @joelledecoration MC : @jayawisyenamc Entertainment : @i.d.a,reel-review
7m-0332.jpg,CZPPDdFPscg,https://www.instagram.com/p/CZPPDdFPscg/,p,1080,1080,"Photo by Paket Wedding Jakarta Bali Singapore on January 27, 2022.",review
7m-0333.jpg,CZOmCX6vJ9l,https://www.instagram.com/p/CZOmCX6vJ9l/,p,712,712,Photo by Paket Wedding Jakarta Bali Singapore in Qubika Boutique Hotel.,review
7m-0334.jpg,CZMu4vBvjLJ,https://www.instagram.com/p/CZMu4vBvjLJ/,p,1080,1080,Photo by Paket Wedding Jakarta Bali Singapore in Grand Hyatt Jakarta.,review
7m-0335.jpg,CZKDEiyvOk3,https://www.instagram.com/p/CZKDEiyvOk3/,p,1080,1080,Photo by Paket Wedding Jakarta Bali Singapore in Grand Mercure Jakarta Kemayoran.,review
7m-0336.jpg,CZFMr2KvSLz,https://www.instagram.com/p/CZFMr2KvSLz/,p,1080,1080,"Photo by Paket Wedding Jakarta Bali Singapore on January 23, 2022.",review
7m-0337.jpg,CZFMegzoMzT,https://www.instagram.com/reel/CZFMegzoMzT/,reel,480,480,Thank you for having us @marchel.hugo and @jen_jennyang Thanks to vendor : WO : @7magicorganizer Venue : @platinumhotelindonesia Mc : @hatimrahmat Dokumentasi :@goldenjade_photog,reel-review
7m-0338.jpg,CZAGdbAvBD9,https://www.instagram.com/p/CZAGdbAvBD9/,p,1080,1080,Photo by Paket Wedding Jakarta Bali Singapore in Swissôtel Jakarta PIK Avenue.,review
7m-0339.jpg,CN78Uz6MIcR,https://www.instagram.com/p/CN78Uz6MIcR/,p,1080,1080,"Photo by Paket Wedding Jakarta Bali Singapore on April 21, 2021.",review
7m-0340.jpg,CN78S54sjlf,https://www.instagram.com/p/CN78S54sjlf/,p,1080,1080,"Photo by Paket Wedding Jakarta Bali Singapore on April 21, 2021.",review
7m-0341.jpg,CN78RLBsufP,https://www.instagram.com/p/CN78RLBsufP/,p,1080,1080,"Photo by Paket Wedding Jakarta Bali Singapore on April 21, 2021.",review
7m-0342.jpg,CN78PmbMIJH,https://www.instagram.com/p/CN78PmbMIJH/,p,1080,1080,"Photo by Paket Wedding Jakarta Bali Singapore on April 21, 2021.",review
7m-0343.jpg,CN78La1Aaja,https://www.instagram.com/reel/CN78La1Aaja/,reel,480,480,We Do with whole heart for our whole life...From the wedding of Yohanes & @quamillaraverla wedding. Thanks to vendors: Morning preparation : @hvertuharmoni Venue : @hakarestaurant ,showcase
7m-0344.jpg,CN77EZwMtH9,https://www.instagram.com/p/CN77EZwMtH9/,p,1080,1080,"Photo by Paket Wedding Jakarta Bali Singapore on April 21, 2021.",review
7m-0345.jpg,CN77CsTsB4v,https://www.instagram.com/p/CN77CsTsB4v/,p,1080,1080,"Photo by Paket Wedding Jakarta Bali Singapore on April 21, 2021.",review
7m-0346.jpg,CN77BMjMzYS,https://www.instagram.com/p/CN77BMjMzYS/,p,1080,1080,"Photo by Paket Wedding Jakarta Bali Singapore on April 21, 2021.",review
7m-0347.jpg,CN76_x1sOzW,https://www.instagram.com/p/CN76_x1sOzW/,p,1080,1080,"Photo by Paket Wedding Jakarta Bali Singapore on April 21, 2021.",review
7m-0348.jpg,CN5cDB7M9s4,https://www.instagram.com/p/CN5cDB7M9s4/,p,1080,1080,"Photo by Paket Wedding Jakarta Bali Singapore on April 20, 2021.",review
7m-0349.jpg,CN5cBc_sfyV,https://www.instagram.com/p/CN5cBc_sfyV/,p,1080,1080,"Photo by Paket Wedding Jakarta Bali Singapore on April 20, 2021.",review
7m-0350.jpg,CN5cACOMPqc,https://www.instagram.com/p/CN5cACOMPqc/,p,1080,1080,"Photo by Paket Wedding Jakarta Bali Singapore on April 20, 2021.",review
7m-0351.jpg,CN5b-V2sLPk,https://www.instagram.com/p/CN5b-V2sLPk/,p,1080,1080,"Photo by Paket Wedding Jakarta Bali Singapore on April 20, 2021.",review
7m-0352.jpg,CN5bvESAS2D,https://www.instagram.com/reel/CN5bvESAS2D/,reel,540,840,And so the adventures begin...From the wedding of @dendy17 & @novianna.limanov wedding. Thanks to vendors Venue : @77cateringservice Menara Top Food Wedding Organizer : @7magicor,showcase
7m-0353.jpg,CN5bJj4MABX,https://www.instagram.com/p/CN5bJj4MABX/,p,1080,1080,"Photo by Paket Wedding Jakarta Bali Singapore on April 20, 2021.",review
7m-0354.jpg,CN5bIAEsU2K,https://www.instagram.com/p/CN5bIAEsU2K/,p,1080,1080,"Photo by Paket Wedding Jakarta Bali Singapore on April 20, 2021.",review
7m-0355.jpg,CN5bGJQsH_p,https://www.instagram.com/p/CN5bGJQsH_p/,p,1080,1080,"Photo by Paket Wedding Jakarta Bali Singapore on April 20, 2021.",review
7m-0356.jpg,CN5bEltM3Rp,https://www.instagram.com/p/CN5bEltM3Rp/,p,1080,1080,"Photo by Paket Wedding Jakarta Bali Singapore on April 20, 2021.",review
7m-0357.jpg,CN0HSVTlqfc,https://www.instagram.com/p/CN0HSVTlqfc/,p,1080,1080,"Photo by Paket Wedding Jakarta Bali Singapore on April 18, 2021.",review
7m-0358.jpg,CN0HJBtlWZH,https://www.instagram.com/p/CN0HJBtlWZH/,p,1080,1080,"Photo by Paket Wedding Jakarta Bali Singapore on April 18, 2021.",review
7m-0359.jpg,CN0HH9UFeE7,https://www.instagram.com/p/CN0HH9UFeE7/,p,1080,1080,"Photo by Paket Wedding Jakarta Bali Singapore on April 18, 2021.",review
7m-0360.jpg,CN0HGIZFPnY,https://www.instagram.com/p/CN0HGIZFPnY/,p,1080,1080,"Photo by Paket Wedding Jakarta Bali Singapore on April 18, 2021.",review
7m-0361.jpg,CN0HE3Tldgr,https://www.instagram.com/p/CN0HE3Tldgr/,p,1080,1080,"Photo by Paket Wedding Jakarta Bali Singapore on April 18, 2021.",review
7m-0362.jpg,CNvGAwbg264,https://www.instagram.com/reel/CNvGAwbg264/,reel,540,840,Love you forever and ever.. From the wedding of Feriko & Melisa Wedding Thanks to vendors Venue : @bwmanggaduahotel Wedding Organizer : @7magicorganizer MC & Entertainment : @sk,showcase
7m-0363.jpg,CNu-cTNsloL,https://www.instagram.com/p/CNu-cTNsloL/,p,1080,1080,"Photo by Paket Wedding Jakarta Bali Singapore on April 16, 2021.",review
7m-0364.jpg,CNu-ZzyM9Pu,https://www.instagram.com/p/CNu-ZzyM9Pu/,p,1080,1080,"Photo by Paket Wedding Jakarta Bali Singapore on April 16, 2021.",review
7m-0365.jpg,CNu-XrEsNzk,https://www.instagram.com/p/CNu-XrEsNzk/,p,1080,1080,"Photo by Paket Wedding Jakarta Bali Singapore on April 16, 2021.",review
7m-0366.jpg,CFH3dp7lADh,https://www.instagram.com/p/CFH3dp7lADh/,p,1080,1080,Photo by Paket Wedding Jakarta Bali Singapore in JS Luwansa Hotel and Convention Center.,review
7m-0367.jpg,CFH3c0ZlLc8,https://www.instagram.com/p/CFH3c0ZlLc8/,p,1080,1080,Photo by Paket Wedding Jakarta Bali Singapore in JS Luwansa Hotel and Convention Center.,review
7m-0368.jpg,CFH3cCvl4na,https://www.instagram.com/p/CFH3cCvl4na/,p,1080,1080,Photo by Paket Wedding Jakarta Bali Singapore in JS Luwansa Hotel and Convention Center.,review
7m-0369.jpg,CFH3bKlFKJ7,https://www.instagram.com/p/CFH3bKlFKJ7/,p,1080,1080,Photo by Paket Wedding Jakarta Bali Singapore in JS Luwansa Hotel and Convention Center.,review
7m-0370.jpg,CFH3aaSliBX,https://www.instagram.com/p/CFH3aaSliBX/,p,1080,1080,Photo by Paket Wedding Jakarta Bali Singapore in JS Luwansa Hotel and Convention Center.,review
7m-0371.jpg,CFH3Zy_FjlH,https://www.instagram.com/p/CFH3Zy_FjlH/,p,1080,1080,Photo by Paket Wedding Jakarta Bali Singapore in JS Luwansa Hotel and Convention Center.,review
7m-0372.jpg,CFH3Y4FlWck,https://www.instagram.com/p/CFH3Y4FlWck/,p,1080,1080,Photo by Paket Wedding Jakarta Bali Singapore in JS Luwansa Hotel and Convention Center.,review
7m-0373.jpg,CFH3YanFFQD,https://www.instagram.com/p/CFH3YanFFQD/,p,1080,1080,Photo by Paket Wedding Jakarta Bali Singapore in JS Luwansa Hotel and Convention Center.,review
7m-0374.jpg,CFH3X2_FJ4H,https://www.instagram.com/p/CFH3X2_FJ4H/,p,1080,1080,Photo by Paket Wedding Jakarta Bali Singapore in JS Luwansa Hotel and Convention Center.,review
7m-0375.jpg,CDb0OxrFfsw,https://www.instagram.com/p/CDb0OxrFfsw/,p,1080,1080,Photo by Paket Wedding Jakarta Bali Singapore in Aryaduta Bali.,review
7m-0376.jpg,CDbR5mRFYER,https://www.instagram.com/p/CDbR5mRFYER/,p,1080,1080,Photo by Paket Wedding Jakarta Bali Singapore in Aryaduta Bali.,review
7m-0377.jpg,CDbR4NTlUgE,https://www.instagram.com/p/CDbR4NTlUgE/,p,1080,1080,Photo by Paket Wedding Jakarta Bali Singapore in Aryaduta Bali.,review
7m-0378.jpg,CDbR280F4Yv,https://www.instagram.com/p/CDbR280F4Yv/,p,1080,1080,Photo by Paket Wedding Jakarta Bali Singapore in Aryaduta Bali.,review
7m-0379.jpg,CDbR1JSFyNN,https://www.instagram.com/p/CDbR1JSFyNN/,p,1080,1080,Photo by Paket Wedding Jakarta Bali Singapore in Aryaduta Bali.,review
7m-0380.jpg,CDbQMRAlCfW,https://www.instagram.com/p/CDbQMRAlCfW/,p,1080,1080,Photo by Paket Wedding Jakarta Bali Singapore in Aryaduta Bali.,review
7m-0381.jpg,CDbOXdKFL7Y,https://www.instagram.com/p/CDbOXdKFL7Y/,p,1080,1080,Photo by Paket Wedding Jakarta Bali Singapore in Aryaduta Bali.,review
7m-0382.jpg,CDbOWPYlWcq,https://www.instagram.com/p/CDbOWPYlWcq/,p,1080,1080,Photo by Paket Wedding Jakarta Bali Singapore in Aryaduta Bali.,review
7m-0383.jpg,CDbOVfyF9yC,https://www.instagram.com/p/CDbOVfyF9yC/,p,1080,1080,Photo by Paket Wedding Jakarta Bali Singapore in Aryaduta Bali.,review
7m-0384.jpg,CDbOU7Plfsm,https://www.instagram.com/p/CDbOU7Plfsm/,p,1080,1080,Photo by Paket Wedding Jakarta Bali Singapore in Aryaduta Bali.,review
7m-0385.jpg,CDbOToplBln,https://www.instagram.com/p/CDbOToplBln/,p,1080,1080,Photo by Paket Wedding Jakarta Bali Singapore in Aryaduta Bali.,review
7m-0386.jpg,CDbORmLlI-Z,https://www.instagram.com/p/CDbORmLlI-Z/,p,1080,1080,Photo by Paket Wedding Jakarta Bali Singapore in Aryaduta Bali.,review
7m-0387.jpg,CCc1qFJFS55,https://www.instagram.com/p/CCc1qFJFS55/,p,637,637,Photo by Paket Wedding Jakarta Bali Singapore in JS Luwansa Hotel and Convention Center.,review
7m-0388.jpg,CCc1dfvFgMz,https://www.instagram.com/p/CCc1dfvFgMz/,p,0,0,Photo by Paket Wedding Jakarta Bali Singapore in JS Luwansa Hotel and Convention Center.,review
7m-0389.jpg,CCc1W3ZFBBK,https://www.instagram.com/p/CCc1W3ZFBBK/,p,0,0,Photo by Paket Wedding Jakarta Bali Singapore in JS Luwansa Hotel and Convention Center.,review
7m-0390.jpg,CCc1L1wF766,https://www.instagram.com/p/CCc1L1wF766/,p,0,0,Photo by Paket Wedding Jakarta Bali Singapore in JS Luwansa Hotel and Convention Center.,review
7m-0391.jpg,CCc01owlTWH,https://www.instagram.com/p/CCc01owlTWH/,p,0,0,"Photo by Paket Wedding Jakarta Bali Singapore on July 09, 2020.",review
7m-0392.jpg,CCc0w74F__x,https://www.instagram.com/p/CCc0w74F__x/,p,0,0,Photo by Paket Wedding Jakarta Bali Singapore in JS Luwansa Hotel and Convention Center.,review
7m-0393.jpg,CCc0ngllITD,https://www.instagram.com/p/CCc0ngllITD/,p,0,0,Photo by Paket Wedding Jakarta Bali Singapore in JS Luwansa Hotel and Convention Center.,review
7m-0394.jpg,CCc0ithFemD,https://www.instagram.com/p/CCc0ithFemD/,p,0,0,Photo by Paket Wedding Jakarta Bali Singapore in JS Luwansa Hotel and Convention Center.,review
7m-0395.jpg,CCc0dPslQaf,https://www.instagram.com/p/CCc0dPslQaf/,p,0,0,"Photo by Paket Wedding Jakarta Bali Singapore on July 09, 2020.",review
7m-0396.jpg,CCc0UXElroi,https://www.instagram.com/p/CCc0UXElroi/,p,0,0,Photo by Paket Wedding Jakarta Bali Singapore in JS Luwansa Hotel and Convention Center.,review
7m-0397.jpg,CCc0NAMlO8V,https://www.instagram.com/p/CCc0NAMlO8V/,p,0,0,Photo by Paket Wedding Jakarta Bali Singapore in JS Luwansa Hotel and Convention Center.,review
7m-0398.jpg,CCcz1cJFjgt,https://www.instagram.com/p/CCcz1cJFjgt/,p,0,0,Photo by Paket Wedding Jakarta Bali Singapore in JS Luwansa Hotel and Convention Center.,review
7m-0399.jpg,B9k3adAluTu,https://www.instagram.com/p/B9k3adAluTu/,p,0,0,"Photo by Paket Wedding Jakarta Bali Singapore on March 10, 2020.",review
7m-0400.jpg,B9k3IGOlCj2,https://www.instagram.com/p/B9k3IGOlCj2/,p,679,679,"Photo by Paket Wedding Jakarta Bali Singapore on March 10, 2020.",review
7m-0401.jpg,B9k2zBRlBib,https://www.instagram.com/p/B9k2zBRlBib/,p,697,697,"Photo by Paket Wedding Jakarta Bali Singapore on March 10, 2020.",review
7m-0402.jpg,B9k2qYOlVZR,https://www.instagram.com/p/B9k2qYOlVZR/,p,0,0,"Photo by Paket Wedding Jakarta Bali Singapore on March 10, 2020.",review
7m-0403.jpg,B9k2kn0l6Ao,https://www.instagram.com/p/B9k2kn0l6Ao/,p,1080,1080,"Photo by Paket Wedding Jakarta Bali Singapore on March 10, 2020.",review
7m-0404.jpg,B9k2guUlEL-,https://www.instagram.com/p/B9k2guUlEL-/,p,0,0,"Photo by Paket Wedding Jakarta Bali Singapore on March 10, 2020.",review
7m-0405.jpg,B9k2XpHlfdt,https://www.instagram.com/p/B9k2XpHlfdt/,p,692,690,"Photo by Paket Wedding Jakarta Bali Singapore on March 10, 2020.",review
7m-0406.jpg,B9k2UePF5He,https://www.instagram.com/p/B9k2UePF5He/,p,0,0,"Photo by Paket Wedding Jakarta Bali Singapore on March 10, 2020.",review
7m-0407.jpg,B9k2N6alU8r,https://www.instagram.com/p/B9k2N6alU8r/,p,1080,1080,"Photo by Paket Wedding Jakarta Bali Singapore on March 10, 2020.",review
7m-0408.jpg,B8azB7SF1uD,https://www.instagram.com/p/B8azB7SF1uD/,p,0,0,"Photo by Paket Wedding Jakarta Bali Singapore in The Ritz-Carlton Jakarta, Mega Kuningan.",review
7m-0409.jpg,B8ay_bolANZ,https://www.instagram.com/p/B8ay_bolANZ/,p,1080,1080,"Photo by Paket Wedding Jakarta Bali Singapore in The Ritz-Carlton Jakarta, Mega Kuningan.",review
7m-0410.jpg,B8ay9U2ldfk,https://www.instagram.com/p/B8ay9U2ldfk/,p,720,720,"Photo by Paket Wedding Jakarta Bali Singapore in The Ritz-Carlton Jakarta, Mega Kuningan.",review
7m-0411.jpg,B8ay4ffF0IV,https://www.instagram.com/p/B8ay4ffF0IV/,p,720,720,"Photo by Paket Wedding Jakarta Bali Singapore in The Ritz-Carlton Jakarta, Mega Kuningan.",review
7m-0412.jpg,B8ay0ueFJFr,https://www.instagram.com/p/B8ay0ueFJFr/,p,720,720,"Photo by Paket Wedding Jakarta Bali Singapore in The Ritz-Carlton Jakarta, Mega Kuningan.",review
7m-0413.jpg,B8ayxXQlM93,https://www.instagram.com/p/B8ayxXQlM93/,p,1080,1080,"Photo by Paket Wedding Jakarta Bali Singapore in The Ritz-Carlton Jakarta, Mega Kuningan.",review
7m-0414.jpg,B8ayX8HlltD,https://www.instagram.com/p/B8ayX8HlltD/,p,719,719,"Photo by Paket Wedding Jakarta Bali Singapore in The Ritz-Carlton Jakarta, Mega Kuningan.",review
7m-0415.jpg,B8ayU8gFKbq,https://www.instagram.com/p/B8ayU8gFKbq/,p,1080,719,"Photo by Paket Wedding Jakarta Bali Singapore in The Ritz-Carlton Jakarta, Mega Kuningan.",review
7m-0416.jpg,B8ayMIulB03,https://www.instagram.com/p/B8ayMIulB03/,p,725,720,"Photo by Paket Wedding Jakarta Bali Singapore in The Ritz-Carlton Jakarta, Mega Kuningan.",review
7m-0417.jpg,B8av3hnl7hS,https://www.instagram.com/p/B8av3hnl7hS/,p,1080,1080,Photo by Paket Wedding Jakarta Bali Singapore in Ocha & Bella.,review
7m-0418.jpg,B8avzljlHRg,https://www.instagram.com/p/B8avzljlHRg/,p,1080,1080,Photo by Paket Wedding Jakarta Bali Singapore in Ocha & Bella.,review
7m-0419.jpg,B8avwJyFsTu,https://www.instagram.com/p/B8avwJyFsTu/,p,736,736,Photo by Paket Wedding Jakarta Bali Singapore in Ocha & Bella.,review
7m-0420.jpg,B8avqFrFJTy,https://www.instagram.com/p/B8avqFrFJTy/,p,900,900,Photo by Paket Wedding Jakarta Bali Singapore in Ocha & Bella.,review
7m-0421.jpg,B8avm4JlVVK,https://www.instagram.com/p/B8avm4JlVVK/,p,904,904,Photo by Paket Wedding Jakarta Bali Singapore in Ocha & Bella.,review
7m-0422.jpg,B8avjStFm85,https://www.instagram.com/p/B8avjStFm85/,p,909,909,Photo by Paket Wedding Jakarta Bali Singapore in Ocha & Bella.,review
7m-0423.jpg,B8avYpqleQH,https://www.instagram.com/p/B8avYpqleQH/,p,720,720,Photo by Paket Wedding Jakarta Bali Singapore in Ocha & Bella.,review
7m-0424.jpg,B8avVXQloLx,https://www.instagram.com/p/B8avVXQloLx/,p,720,720,Photo by Paket Wedding Jakarta Bali Singapore in Ocha & Bella.,review
7m-0425.jpg,B8avQzYlUIi,https://www.instagram.com/p/B8avQzYlUIi/,p,720,720,Photo by Paket Wedding Jakarta Bali Singapore in Ocha & Bella.,review
7m-0426.jpg,B7YyI0Mlktb,https://www.instagram.com/p/B7YyI0Mlktb/,p,693,693,"Photo by Paket Wedding Jakarta Bali Singapore on January 16, 2020.",review
7m-0427.jpg,B7YxDYvliVT,https://www.instagram.com/reel/B7YxDYvliVT/,reel,640,640,Mau wedding di Bali? Bingung cari venue dan vendor terpercaya? Find your dream venue with high quality vendor with us! Make your dream wedding come true😘 The Wedding of Julius & ,showcase
7m-0428.jpg,B7X7iXUFF51,https://www.instagram.com/p/B7X7iXUFF51/,p,531,531,Photo by Paket Wedding Jakarta Bali Singapore in Twin Plaza Hotel Jakarta.,review
7m-0429.jpg,B7X7PPLF0Oy,https://www.instagram.com/p/B7X7PPLF0Oy/,p,1080,1080,"Photo by Paket Wedding Jakarta Bali Singapore on January 16, 2020.",review
7m-0430.jpg,B7X6nz9F-za,https://www.instagram.com/p/B7X6nz9F-za/,p,666,666,Photo by Paket Wedding Jakarta Bali Singapore in Grha Angkasa Pura I.,review
7m-0431.jpg,B7UtVDrlsYN,https://www.instagram.com/reel/B7UtVDrlsYN/,reel,720,720,The wedding of Bobie & Cynthia Thank you for trusting us Planner & Organizer : @sevenmagicorganizer Venue : @kuningancity.ballroom Morning preparation : @thewestinjakarta Catering ,showcase
7m-0432.jpg,B7SLjDiFgd8,https://www.instagram.com/p/B7SLjDiFgd8/,p,1080,1080,"Photo by Paket Wedding Jakarta Bali Singapore on January 13, 2020.",review
7m-0433.jpg,B7SLXZWljaG,https://www.instagram.com/p/B7SLXZWljaG/,p,1080,1080,"Photo by Paket Wedding Jakarta Bali Singapore on January 13, 2020.",review
7m-0434.jpg,B7SKcppljE8,https://www.instagram.com/p/B7SKcppljE8/,p,1080,1080,Photo by Paket Wedding Jakarta Bali Singapore in Grand Orchardz Jakarta.,review
7m-0435.jpg,B7SIcTElUA2,https://www.instagram.com/p/B7SIcTElUA2/,p,675,675,Photo by Paket Wedding Jakarta Bali Singapore in Mercure Pik.,review
