Campaign,Ad Group,Keyword,Match Type,Final URL
ID | Venue Names | Bekasi,Hotel Santika Mega City Bekasi,biaya pernikahan di hotel santika mega city bekasi,Phrase,https://7magicwedding.com/wedding-venue/bekasi/hotel-santika-mega-city-bekasi
ID | Venue Names | Bekasi,Hotel Santika Mega City Bekasi,harga paket pernikahan hotel santika mega city bekasi,Phrase,https://7magicwedding.com/wedding-venue/bekasi/hotel-santika-mega-city-bekasi
ID | Venue Names | Bekasi,Hotel Santika Mega City Bekasi,hotel santika mega city bekasi ballroom pernikahan,Phrase,https://7magicwedding.com/wedding-venue/bekasi/hotel-santika-mega-city-bekasi
ID | Venue Names | Bekasi,Hotel Santika Mega City Bekasi,paket pernikahan hotel santika mega city bekasi,Phrase,https://7magicwedding.com/wedding-venue/bekasi/hotel-santika-mega-city-bekasi
ID | Venue Names | Bekasi,Hotel Santika Mega City Bekasi,paket wedding hotel santika mega city bekasi,Phrase,https://7magicwedding.com/wedding-venue/bekasi/hotel-santika-mega-city-bekasi
ID | Venue Names | Bekasi,Hotel Santika Mega City Bekasi,wedding package hotel santika mega city bekasi,Phrase,https://7magicwedding.com/wedding-venue/bekasi/hotel-santika-mega-city-bekasi
ID | Venue Names | Bogor,Pullman Ciawi Vimala Hills Resort Spa & Convention,biaya pernikahan di pullman ciawi vimala hills,Phrase,https://7magicwedding.com/wedding-venue/bogor/pullman-ciawi-vimala-hills-resort-spa-convention
ID | Venue Names | Bogor,Pullman Ciawi Vimala Hills Resort Spa & Convention,biaya pernikahan di pullman ciawi vimala hills resort spa and convention,Phrase,https://7magicwedding.com/wedding-venue/bogor/pullman-ciawi-vimala-hills-resort-spa-convention
ID | Venue Names | Bogor,Pullman Ciawi Vimala Hills Resort Spa & Convention,harga paket pernikahan pullman ciawi vimala hills,Phrase,https://7magicwedding.com/wedding-venue/bogor/pullman-ciawi-vimala-hills-resort-spa-convention
ID | Venue Names | Bogor,Pullman Ciawi Vimala Hills Resort Spa & Convention,harga paket pernikahan pullman ciawi vimala hills resort spa and convention,Phrase,https://7magicwedding.com/wedding-venue/bogor/pullman-ciawi-vimala-hills-resort-spa-convention
ID | Venue Names | Bogor,Pullman Ciawi Vimala Hills Resort Spa & Convention,paket pernikahan pullman ciawi vimala hills,Phrase,https://7magicwedding.com/wedding-venue/bogor/pullman-ciawi-vimala-hills-resort-spa-convention
ID | Venue Names | Bogor,Pullman Ciawi Vimala Hills Resort Spa & Convention,paket pernikahan pullman ciawi vimala hills resort spa and convention,Phrase,https://7magicwedding.com/wedding-venue/bogor/pullman-ciawi-vimala-hills-resort-spa-convention
ID | Venue Names | Bogor,Pullman Ciawi Vimala Hills Resort Spa & Convention,paket wedding pullman ciawi vimala hills,Phrase,https://7magicwedding.com/wedding-venue/bogor/pullman-ciawi-vimala-hills-resort-spa-convention
ID | Venue Names | Bogor,Pullman Ciawi Vimala Hills Resort Spa & Convention,paket wedding pullman ciawi vimala hills resort spa and convention,Phrase,https://7magicwedding.com/wedding-venue/bogor/pullman-ciawi-vimala-hills-resort-spa-convention
ID | Venue Names | Bogor,Pullman Ciawi Vimala Hills Resort Spa & Convention,pullman ciawi vimala hills ballroom pernikahan,Phrase,https://7magicwedding.com/wedding-venue/bogor/pullman-ciawi-vimala-hills-resort-spa-convention
ID | Venue Names | Bogor,Pullman Ciawi Vimala Hills Resort Spa & Convention,pullman ciawi vimala hills resort spa and convention ballroom pernikahan,Phrase,https://7magicwedding.com/wedding-venue/bogor/pullman-ciawi-vimala-hills-resort-spa-convention
ID | Venue Names | Bogor,Pullman Ciawi Vimala Hills Resort Spa & Convention,wedding package pullman ciawi vimala hills,Phrase,https://7magicwedding.com/wedding-venue/bogor/pullman-ciawi-vimala-hills-resort-spa-convention
ID | Venue Names | Bogor,Pullman Ciawi Vimala Hills Resort Spa & Convention,wedding package pullman ciawi vimala hills resort spa and convention,Phrase,https://7magicwedding.com/wedding-venue/bogor/pullman-ciawi-vimala-hills-resort-spa-convention
ID | Venue Names | Bogor,Aston Sentul Lake Resort & Conference Center,aston sentul lake ballroom pernikahan,Phrase,https://7magicwedding.com/wedding-venue/bogor/aston-sentul-lake-resort
ID | Venue Names | Bogor,Aston Sentul Lake Resort & Conference Center,aston sentul lake resort and conference center ballroom pernikahan,Phrase,https://7magicwedding.com/wedding-venue/bogor/aston-sentul-lake-resort
ID | Venue Names | Bogor,Aston Sentul Lake Resort & Conference Center,biaya pernikahan di aston sentul lake,Phrase,https://7magicwedding.com/wedding-venue/bogor/aston-sentul-lake-resort
ID | Venue Names | Bogor,Aston Sentul Lake Resort & Conference Center,biaya pernikahan di aston sentul lake resort and conference center,Phrase,https://7magicwedding.com/wedding-venue/bogor/aston-sentul-lake-resort
ID | Venue Names | Bogor,Aston Sentul Lake Resort & Conference Center,harga paket pernikahan aston sentul lake,Phrase,https://7magicwedding.com/wedding-venue/bogor/aston-sentul-lake-resort
ID | Venue Names | Bogor,Aston Sentul Lake Resort & Conference Center,harga paket pernikahan aston sentul lake resort and conference center,Phrase,https://7magicwedding.com/wedding-venue/bogor/aston-sentul-lake-resort
ID | Venue Names | Bogor,Aston Sentul Lake Resort & Conference Center,paket pernikahan aston sentul lake,Phrase,https://7magicwedding.com/wedding-venue/bogor/aston-sentul-lake-resort
ID | Venue Names | Bogor,Aston Sentul Lake Resort & Conference Center,paket pernikahan aston sentul lake resort and conference center,Phrase,https://7magicwedding.com/wedding-venue/bogor/aston-sentul-lake-resort
ID | Venue Names | Bogor,Aston Sentul Lake Resort & Conference Center,paket wedding aston sentul lake,Phrase,https://7magicwedding.com/wedding-venue/bogor/aston-sentul-lake-resort
ID | Venue Names | Bogor,Aston Sentul Lake Resort & Conference Center,paket wedding aston sentul lake resort and conference center,Phrase,https://7magicwedding.com/wedding-venue/bogor/aston-sentul-lake-resort
ID | Venue Names | Bogor,Aston Sentul Lake Resort & Conference Center,wedding package aston sentul lake,Phrase,https://7magicwedding.com/wedding-venue/bogor/aston-sentul-lake-resort
ID | Venue Names | Bogor,Aston Sentul Lake Resort & Conference Center,wedding package aston sentul lake resort and conference center,Phrase,https://7magicwedding.com/wedding-venue/bogor/aston-sentul-lake-resort
ID | Venue Names | Jakarta,Yello Hotel Harmoni,biaya pernikahan di yello hotel harmoni,Phrase,https://7magicwedding.com/wedding-venue/jakarta/yello-hotel-harmoni
ID | Venue Names | Jakarta,Yello Hotel Harmoni,harga paket pernikahan yello hotel harmoni,Phrase,https://7magicwedding.com/wedding-venue/jakarta/yello-hotel-harmoni
ID | Venue Names | Jakarta,Yello Hotel Harmoni,paket pernikahan yello hotel harmoni,Phrase,https://7magicwedding.com/wedding-venue/jakarta/yello-hotel-harmoni
ID | Venue Names | Jakarta,Yello Hotel Harmoni,paket wedding yello hotel harmoni,Phrase,https://7magicwedding.com/wedding-venue/jakarta/yello-hotel-harmoni
ID | Venue Names | Jakarta,Yello Hotel Harmoni,wedding package yello hotel harmoni,Phrase,https://7magicwedding.com/wedding-venue/jakarta/yello-hotel-harmoni
ID | Venue Names | Jakarta,Yello Hotel Harmoni,yello hotel harmoni ballroom pernikahan,Phrase,https://7magicwedding.com/wedding-venue/jakarta/yello-hotel-harmoni
ID | Venue Names | Jakarta,"The Orient Jakarta, a Royal Hideaway Hotel",biaya pernikahan di the orient jakarta,Phrase,https://7magicwedding.com/wedding-venue/jakarta/the-orient-jakarta-royal-hideaway
ID | Venue Names | Jakarta,"The Orient Jakarta, a Royal Hideaway Hotel","biaya pernikahan di the orient jakarta, a royal hideaway hotel",Phrase,https://7magicwedding.com/wedding-venue/jakarta/the-orient-jakarta-royal-hideaway
ID | Venue Names | Jakarta,"The Orient Jakarta, a Royal Hideaway Hotel",harga paket pernikahan the orient jakarta,Phrase,https://7magicwedding.com/wedding-venue/jakarta/the-orient-jakarta-royal-hideaway
ID | Venue Names | Jakarta,"The Orient Jakarta, a Royal Hideaway Hotel","harga paket pernikahan the orient jakarta, a royal hideaway hotel",Phrase,https://7magicwedding.com/wedding-venue/jakarta/the-orient-jakarta-royal-hideaway
ID | Venue Names | Jakarta,"The Orient Jakarta, a Royal Hideaway Hotel",paket pernikahan the orient jakarta,Phrase,https://7magicwedding.com/wedding-venue/jakarta/the-orient-jakarta-royal-hideaway
ID | Venue Names | Jakarta,"The Orient Jakarta, a Royal Hideaway Hotel","paket pernikahan the orient jakarta, a royal hideaway hotel",Phrase,https://7magicwedding.com/wedding-venue/jakarta/the-orient-jakarta-royal-hideaway
ID | Venue Names | Jakarta,"The Orient Jakarta, a Royal Hideaway Hotel",paket wedding the orient jakarta,Phrase,https://7magicwedding.com/wedding-venue/jakarta/the-orient-jakarta-royal-hideaway
ID | Venue Names | Jakarta,"The Orient Jakarta, a Royal Hideaway Hotel","paket wedding the orient jakarta, a royal hideaway hotel",Phrase,https://7magicwedding.com/wedding-venue/jakarta/the-orient-jakarta-royal-hideaway
ID | Venue Names | Jakarta,"The Orient Jakarta, a Royal Hideaway Hotel",the orient jakarta ballroom pernikahan,Phrase,https://7magicwedding.com/wedding-venue/jakarta/the-orient-jakarta-royal-hideaway
ID | Venue Names | Jakarta,"The Orient Jakarta, a Royal Hideaway Hotel","the orient jakarta, a royal hideaway hotel ballroom pernikahan",Phrase,https://7magicwedding.com/wedding-venue/jakarta/the-orient-jakarta-royal-hideaway
ID | Venue Names | Jakarta,"The Orient Jakarta, a Royal Hideaway Hotel",wedding package the orient jakarta,Phrase,https://7magicwedding.com/wedding-venue/jakarta/the-orient-jakarta-royal-hideaway
ID | Venue Names | Jakarta,"The Orient Jakarta, a Royal Hideaway Hotel","wedding package the orient jakarta, a royal hideaway hotel",Phrase,https://7magicwedding.com/wedding-venue/jakarta/the-orient-jakarta-royal-hideaway
ID | Venue Names | Jakarta,Hotel Indonesia Kempinski Jakarta,biaya pernikahan di hotel indonesia kempinski jakarta,Phrase,https://7magicwedding.com/wedding-venue/jakarta/hotel-indonesia-kempinski-jakarta
ID | Venue Names | Jakarta,Hotel Indonesia Kempinski Jakarta,harga paket pernikahan hotel indonesia kempinski jakarta,Phrase,https://7magicwedding.com/wedding-venue/jakarta/hotel-indonesia-kempinski-jakarta
ID | Venue Names | Jakarta,Hotel Indonesia Kempinski Jakarta,hotel indonesia kempinski jakarta ballroom pernikahan,Phrase,https://7magicwedding.com/wedding-venue/jakarta/hotel-indonesia-kempinski-jakarta
ID | Venue Names | Jakarta,Hotel Indonesia Kempinski Jakarta,paket pernikahan hotel indonesia kempinski jakarta,Phrase,https://7magicwedding.com/wedding-venue/jakarta/hotel-indonesia-kempinski-jakarta
ID | Venue Names | Jakarta,Hotel Indonesia Kempinski Jakarta,paket wedding hotel indonesia kempinski jakarta,Phrase,https://7magicwedding.com/wedding-venue/jakarta/hotel-indonesia-kempinski-jakarta
ID | Venue Names | Jakarta,Hotel Indonesia Kempinski Jakarta,wedding package hotel indonesia kempinski jakarta,Phrase,https://7magicwedding.com/wedding-venue/jakarta/hotel-indonesia-kempinski-jakarta
ID | Venue Names | Jakarta,DoubleTree by Hilton Jakarta Kemayoran,biaya pernikahan di doubletree by hilton jakarta kemayoran,Phrase,https://7magicwedding.com/wedding-venue/jakarta/doubletree-hilton-kemayoran
ID | Venue Names | Jakarta,DoubleTree by Hilton Jakarta Kemayoran,doubletree by hilton jakarta kemayoran ballroom pernikahan,Phrase,https://7magicwedding.com/wedding-venue/jakarta/doubletree-hilton-kemayoran
ID | Venue Names | Jakarta,DoubleTree by Hilton Jakarta Kemayoran,harga paket pernikahan doubletree by hilton jakarta kemayoran,Phrase,https://7magicwedding.com/wedding-venue/jakarta/doubletree-hilton-kemayoran
ID | Venue Names | Jakarta,DoubleTree by Hilton Jakarta Kemayoran,paket pernikahan doubletree by hilton jakarta kemayoran,Phrase,https://7magicwedding.com/wedding-venue/jakarta/doubletree-hilton-kemayoran
ID | Venue Names | Jakarta,DoubleTree by Hilton Jakarta Kemayoran,paket wedding doubletree by hilton jakarta kemayoran,Phrase,https://7magicwedding.com/wedding-venue/jakarta/doubletree-hilton-kemayoran
ID | Venue Names | Jakarta,DoubleTree by Hilton Jakarta Kemayoran,wedding package doubletree by hilton jakarta kemayoran,Phrase,https://7magicwedding.com/wedding-venue/jakarta/doubletree-hilton-kemayoran
ID | Venue Names | Jakarta,JS Luwansa Hotel & Convention Center,biaya pernikahan di js luwansa hotel and,Phrase,https://7magicwedding.com/wedding-venue/jakarta/js-luwansa-hotel-convention-center
ID | Venue Names | Jakarta,JS Luwansa Hotel & Convention Center,biaya pernikahan di js luwansa hotel and convention center,Phrase,https://7magicwedding.com/wedding-venue/jakarta/js-luwansa-hotel-convention-center
ID | Venue Names | Jakarta,JS Luwansa Hotel & Convention Center,harga paket pernikahan js luwansa hotel and,Phrase,https://7magicwedding.com/wedding-venue/jakarta/js-luwansa-hotel-convention-center
ID | Venue Names | Jakarta,JS Luwansa Hotel & Convention Center,harga paket pernikahan js luwansa hotel and convention center,Phrase,https://7magicwedding.com/wedding-venue/jakarta/js-luwansa-hotel-convention-center
ID | Venue Names | Jakarta,JS Luwansa Hotel & Convention Center,js luwansa hotel and ballroom pernikahan,Phrase,https://7magicwedding.com/wedding-venue/jakarta/js-luwansa-hotel-convention-center
ID | Venue Names | Jakarta,JS Luwansa Hotel & Convention Center,js luwansa hotel and convention center ballroom pernikahan,Phrase,https://7magicwedding.com/wedding-venue/jakarta/js-luwansa-hotel-convention-center
ID | Venue Names | Jakarta,JS Luwansa Hotel & Convention Center,paket pernikahan js luwansa hotel and,Phrase,https://7magicwedding.com/wedding-venue/jakarta/js-luwansa-hotel-convention-center
ID | Venue Names | Jakarta,JS Luwansa Hotel & Convention Center,paket pernikahan js luwansa hotel and convention center,Phrase,https://7magicwedding.com/wedding-venue/jakarta/js-luwansa-hotel-convention-center
ID | Venue Names | Jakarta,JS Luwansa Hotel & Convention Center,paket wedding js luwansa hotel and,Phrase,https://7magicwedding.com/wedding-venue/jakarta/js-luwansa-hotel-convention-center
ID | Venue Names | Jakarta,JS Luwansa Hotel & Convention Center,paket wedding js luwansa hotel and convention center,Phrase,https://7magicwedding.com/wedding-venue/jakarta/js-luwansa-hotel-convention-center
ID | Venue Names | Jakarta,JS Luwansa Hotel & Convention Center,wedding package js luwansa hotel and,Phrase,https://7magicwedding.com/wedding-venue/jakarta/js-luwansa-hotel-convention-center
ID | Venue Names | Jakarta,JS Luwansa Hotel & Convention Center,wedding package js luwansa hotel and convention center,Phrase,https://7magicwedding.com/wedding-venue/jakarta/js-luwansa-hotel-convention-center
ID | Venue Names | Jakarta,Park Hyatt Jakarta,biaya pernikahan di park hyatt jakarta,Phrase,https://7magicwedding.com/wedding-venue/jakarta/park-hyatt-jakarta
ID | Venue Names | Jakarta,Park Hyatt Jakarta,harga paket pernikahan park hyatt jakarta,Phrase,https://7magicwedding.com/wedding-venue/jakarta/park-hyatt-jakarta
ID | Venue Names | Jakarta,Park Hyatt Jakarta,paket pernikahan park hyatt jakarta,Phrase,https://7magicwedding.com/wedding-venue/jakarta/park-hyatt-jakarta
ID | Venue Names | Jakarta,Park Hyatt Jakarta,paket wedding park hyatt jakarta,Phrase,https://7magicwedding.com/wedding-venue/jakarta/park-hyatt-jakarta
ID | Venue Names | Jakarta,Park Hyatt Jakarta,park hyatt jakarta ballroom pernikahan,Phrase,https://7magicwedding.com/wedding-venue/jakarta/park-hyatt-jakarta
ID | Venue Names | Jakarta,Park Hyatt Jakarta,wedding package park hyatt jakarta,Phrase,https://7magicwedding.com/wedding-venue/jakarta/park-hyatt-jakarta
ID | Venue Names | Jakarta,Hotel Ciputra Jakarta,biaya pernikahan di hotel ciputra jakarta,Phrase,https://7magicwedding.com/wedding-venue/jakarta/hotel-ciputra-jakarta
ID | Venue Names | Jakarta,Hotel Ciputra Jakarta,harga paket pernikahan hotel ciputra jakarta,Phrase,https://7magicwedding.com/wedding-venue/jakarta/hotel-ciputra-jakarta
ID | Venue Names | Jakarta,Hotel Ciputra Jakarta,hotel ciputra jakarta ballroom pernikahan,Phrase,https://7magicwedding.com/wedding-venue/jakarta/hotel-ciputra-jakarta
ID | Venue Names | Jakarta,Hotel Ciputra Jakarta,paket pernikahan hotel ciputra jakarta,Phrase,https://7magicwedding.com/wedding-venue/jakarta/hotel-ciputra-jakarta
ID | Venue Names | Jakarta,Hotel Ciputra Jakarta,paket wedding hotel ciputra jakarta,Phrase,https://7magicwedding.com/wedding-venue/jakarta/hotel-ciputra-jakarta
ID | Venue Names | Jakarta,Hotel Ciputra Jakarta,wedding package hotel ciputra jakarta,Phrase,https://7magicwedding.com/wedding-venue/jakarta/hotel-ciputra-jakarta
ID | Venue Names | Jakarta,"The Ritz-Carlton Jakarta, Pacific Place",biaya pernikahan di the ritz-carlton jakarta,Phrase,https://7magicwedding.com/wedding-venue/jakarta/ritz-carlton-jakarta-pacific-place
ID | Venue Names | Jakarta,"The Ritz-Carlton Jakarta, Pacific Place","biaya pernikahan di the ritz-carlton jakarta, pacific place",Phrase,https://7magicwedding.com/wedding-venue/jakarta/ritz-carlton-jakarta-pacific-place
ID | Venue Names | Jakarta,"The Ritz-Carlton Jakarta, Pacific Place",harga paket pernikahan the ritz-carlton jakarta,Phrase,https://7magicwedding.com/wedding-venue/jakarta/ritz-carlton-jakarta-pacific-place
ID | Venue Names | Jakarta,"The Ritz-Carlton Jakarta, Pacific Place","harga paket pernikahan the ritz-carlton jakarta, pacific place",Phrase,https://7magicwedding.com/wedding-venue/jakarta/ritz-carlton-jakarta-pacific-place
ID | Venue Names | Jakarta,"The Ritz-Carlton Jakarta, Pacific Place",paket pernikahan the ritz-carlton jakarta,Phrase,https://7magicwedding.com/wedding-venue/jakarta/ritz-carlton-jakarta-pacific-place
ID | Venue Names | Jakarta,"The Ritz-Carlton Jakarta, Pacific Place","paket pernikahan the ritz-carlton jakarta, pacific place",Phrase,https://7magicwedding.com/wedding-venue/jakarta/ritz-carlton-jakarta-pacific-place
ID | Venue Names | Jakarta,"The Ritz-Carlton Jakarta, Pacific Place",paket wedding the ritz-carlton jakarta,Phrase,https://7magicwedding.com/wedding-venue/jakarta/ritz-carlton-jakarta-pacific-place
ID | Venue Names | Jakarta,"The Ritz-Carlton Jakarta, Pacific Place","paket wedding the ritz-carlton jakarta, pacific place",Phrase,https://7magicwedding.com/wedding-venue/jakarta/ritz-carlton-jakarta-pacific-place
ID | Venue Names | Jakarta,"The Ritz-Carlton Jakarta, Pacific Place",the ritz-carlton jakarta ballroom pernikahan,Phrase,https://7magicwedding.com/wedding-venue/jakarta/ritz-carlton-jakarta-pacific-place
ID | Venue Names | Jakarta,"The Ritz-Carlton Jakarta, Pacific Place","the ritz-carlton jakarta, pacific place ballroom pernikahan",Phrase,https://7magicwedding.com/wedding-venue/jakarta/ritz-carlton-jakarta-pacific-place
ID | Venue Names | Jakarta,"The Ritz-Carlton Jakarta, Pacific Place",wedding package the ritz-carlton jakarta,Phrase,https://7magicwedding.com/wedding-venue/jakarta/ritz-carlton-jakarta-pacific-place
ID | Venue Names | Jakarta,"The Ritz-Carlton Jakarta, Pacific Place","wedding package the ritz-carlton jakarta, pacific place",Phrase,https://7magicwedding.com/wedding-venue/jakarta/ritz-carlton-jakarta-pacific-place
ID | Venue Names | Jakarta,Asia Restaurant,asia restaurant ballroom pernikahan,Phrase,https://7magicwedding.com/wedding-venue/jakarta/asia-restaurant-ritz-carlton
ID | Venue Names | Jakarta,Asia Restaurant,biaya pernikahan di asia restaurant,Phrase,https://7magicwedding.com/wedding-venue/jakarta/asia-restaurant-ritz-carlton
ID | Venue Names | Jakarta,Asia Restaurant,harga paket pernikahan asia restaurant,Phrase,https://7magicwedding.com/wedding-venue/jakarta/asia-restaurant-ritz-carlton
ID | Venue Names | Jakarta,Asia Restaurant,paket pernikahan asia restaurant,Phrase,https://7magicwedding.com/wedding-venue/jakarta/asia-restaurant-ritz-carlton
ID | Venue Names | Jakarta,Asia Restaurant,paket wedding asia restaurant,Phrase,https://7magicwedding.com/wedding-venue/jakarta/asia-restaurant-ritz-carlton
ID | Venue Names | Jakarta,Asia Restaurant,wedding package asia restaurant,Phrase,https://7magicwedding.com/wedding-venue/jakarta/asia-restaurant-ritz-carlton
ID | Venue Names | Jakarta,Aston Kartika Grogol Hotel & Conference Center,aston kartika grogol hotel and ballroom pernikahan,Phrase,https://7magicwedding.com/wedding-venue/jakarta/aston-kartika-grogol-conference-center
ID | Venue Names | Jakarta,Aston Kartika Grogol Hotel & Conference Center,aston kartika grogol hotel and conference center ballroom pernikahan,Phrase,https://7magicwedding.com/wedding-venue/jakarta/aston-kartika-grogol-conference-center
ID | Venue Names | Jakarta,Aston Kartika Grogol Hotel & Conference Center,biaya pernikahan di aston kartika grogol hotel and,Phrase,https://7magicwedding.com/wedding-venue/jakarta/aston-kartika-grogol-conference-center
ID | Venue Names | Jakarta,Aston Kartika Grogol Hotel & Conference Center,biaya pernikahan di aston kartika grogol hotel and conference center,Phrase,https://7magicwedding.com/wedding-venue/jakarta/aston-kartika-grogol-conference-center
ID | Venue Names | Jakarta,Aston Kartika Grogol Hotel & Conference Center,harga paket pernikahan aston kartika grogol hotel and,Phrase,https://7magicwedding.com/wedding-venue/jakarta/aston-kartika-grogol-conference-center
ID | Venue Names | Jakarta,Aston Kartika Grogol Hotel & Conference Center,harga paket pernikahan aston kartika grogol hotel and conference center,Phrase,https://7magicwedding.com/wedding-venue/jakarta/aston-kartika-grogol-conference-center
ID | Venue Names | Jakarta,Aston Kartika Grogol Hotel & Conference Center,paket pernikahan aston kartika grogol hotel and,Phrase,https://7magicwedding.com/wedding-venue/jakarta/aston-kartika-grogol-conference-center
ID | Venue Names | Jakarta,Aston Kartika Grogol Hotel & Conference Center,paket pernikahan aston kartika grogol hotel and conference center,Phrase,https://7magicwedding.com/wedding-venue/jakarta/aston-kartika-grogol-conference-center
ID | Venue Names | Jakarta,Aston Kartika Grogol Hotel & Conference Center,paket wedding aston kartika grogol hotel and,Phrase,https://7magicwedding.com/wedding-venue/jakarta/aston-kartika-grogol-conference-center
ID | Venue Names | Jakarta,Aston Kartika Grogol Hotel & Conference Center,paket wedding aston kartika grogol hotel and conference center,Phrase,https://7magicwedding.com/wedding-venue/jakarta/aston-kartika-grogol-conference-center
ID | Venue Names | Jakarta,Aston Kartika Grogol Hotel & Conference Center,wedding package aston kartika grogol hotel and,Phrase,https://7magicwedding.com/wedding-venue/jakarta/aston-kartika-grogol-conference-center
ID | Venue Names | Jakarta,Aston Kartika Grogol Hotel & Conference Center,wedding package aston kartika grogol hotel and conference center,Phrase,https://7magicwedding.com/wedding-venue/jakarta/aston-kartika-grogol-conference-center
ID | Venue Names | Jakarta,JW Marriott Hotel Jakarta,biaya pernikahan di jw marriott hotel jakarta,Phrase,https://7magicwedding.com/wedding-venue/jakarta/jw-marriott-hotel-jakarta
ID | Venue Names | Jakarta,JW Marriott Hotel Jakarta,harga paket pernikahan jw marriott hotel jakarta,Phrase,https://7magicwedding.com/wedding-venue/jakarta/jw-marriott-hotel-jakarta
ID | Venue Names | Jakarta,JW Marriott Hotel Jakarta,jw marriott hotel jakarta ballroom pernikahan,Phrase,https://7magicwedding.com/wedding-venue/jakarta/jw-marriott-hotel-jakarta
ID | Venue Names | Jakarta,JW Marriott Hotel Jakarta,paket pernikahan jw marriott hotel jakarta,Phrase,https://7magicwedding.com/wedding-venue/jakarta/jw-marriott-hotel-jakarta
ID | Venue Names | Jakarta,JW Marriott Hotel Jakarta,paket wedding jw marriott hotel jakarta,Phrase,https://7magicwedding.com/wedding-venue/jakarta/jw-marriott-hotel-jakarta
ID | Venue Names | Jakarta,JW Marriott Hotel Jakarta,wedding package jw marriott hotel jakarta,Phrase,https://7magicwedding.com/wedding-venue/jakarta/jw-marriott-hotel-jakarta
ID | Venue Names | Jakarta,Hilton Garden Inn Jakarta Taman Palem,biaya pernikahan di hilton garden inn jakarta taman palem,Phrase,https://7magicwedding.com/wedding-venue/jakarta/hilton-garden-inn-jakarta-taman-palem
ID | Venue Names | Jakarta,Hilton Garden Inn Jakarta Taman Palem,harga paket pernikahan hilton garden inn jakarta taman palem,Phrase,https://7magicwedding.com/wedding-venue/jakarta/hilton-garden-inn-jakarta-taman-palem
ID | Venue Names | Jakarta,Hilton Garden Inn Jakarta Taman Palem,hilton garden inn jakarta taman palem ballroom pernikahan,Phrase,https://7magicwedding.com/wedding-venue/jakarta/hilton-garden-inn-jakarta-taman-palem
ID | Venue Names | Jakarta,Hilton Garden Inn Jakarta Taman Palem,paket pernikahan hilton garden inn jakarta taman palem,Phrase,https://7magicwedding.com/wedding-venue/jakarta/hilton-garden-inn-jakarta-taman-palem
ID | Venue Names | Jakarta,Hilton Garden Inn Jakarta Taman Palem,paket wedding hilton garden inn jakarta taman palem,Phrase,https://7magicwedding.com/wedding-venue/jakarta/hilton-garden-inn-jakarta-taman-palem
ID | Venue Names | Jakarta,Hilton Garden Inn Jakarta Taman Palem,wedding package hilton garden inn jakarta taman palem,Phrase,https://7magicwedding.com/wedding-venue/jakarta/hilton-garden-inn-jakarta-taman-palem
ID | Venue Names | Jakarta,Hotel Santika Premiere Hayam Wuruk,biaya pernikahan di hotel santika premiere hayam wuruk,Phrase,https://7magicwedding.com/wedding-venue/jakarta/hotel-santika-premiere-hayam-wuruk
ID | Venue Names | Jakarta,Hotel Santika Premiere Hayam Wuruk,harga paket pernikahan hotel santika premiere hayam wuruk,Phrase,https://7magicwedding.com/wedding-venue/jakarta/hotel-santika-premiere-hayam-wuruk
ID | Venue Names | Jakarta,Hotel Santika Premiere Hayam Wuruk,hotel santika premiere hayam wuruk ballroom pernikahan,Phrase,https://7magicwedding.com/wedding-venue/jakarta/hotel-santika-premiere-hayam-wuruk
ID | Venue Names | Jakarta,Hotel Santika Premiere Hayam Wuruk,paket pernikahan hotel santika premiere hayam wuruk,Phrase,https://7magicwedding.com/wedding-venue/jakarta/hotel-santika-premiere-hayam-wuruk
ID | Venue Names | Jakarta,Hotel Santika Premiere Hayam Wuruk,paket wedding hotel santika premiere hayam wuruk,Phrase,https://7magicwedding.com/wedding-venue/jakarta/hotel-santika-premiere-hayam-wuruk
ID | Venue Names | Jakarta,Hotel Santika Premiere Hayam Wuruk,wedding package hotel santika premiere hayam wuruk,Phrase,https://7magicwedding.com/wedding-venue/jakarta/hotel-santika-premiere-hayam-wuruk
ID | Venue Names | Jakarta,Grand Mercure Jakarta Kemayoran,biaya pernikahan di grand mercure jakarta kemayoran,Phrase,https://7magicwedding.com/wedding-venue/jakarta/grand-mercure-kemayoran
ID | Venue Names | Jakarta,Grand Mercure Jakarta Kemayoran,grand mercure jakarta kemayoran ballroom pernikahan,Phrase,https://7magicwedding.com/wedding-venue/jakarta/grand-mercure-kemayoran
ID | Venue Names | Jakarta,Grand Mercure Jakarta Kemayoran,harga paket pernikahan grand mercure jakarta kemayoran,Phrase,https://7magicwedding.com/wedding-venue/jakarta/grand-mercure-kemayoran
ID | Venue Names | Jakarta,Grand Mercure Jakarta Kemayoran,paket pernikahan grand mercure jakarta kemayoran,Phrase,https://7magicwedding.com/wedding-venue/jakarta/grand-mercure-kemayoran
ID | Venue Names | Jakarta,Grand Mercure Jakarta Kemayoran,paket wedding grand mercure jakarta kemayoran,Phrase,https://7magicwedding.com/wedding-venue/jakarta/grand-mercure-kemayoran
ID | Venue Names | Jakarta,Grand Mercure Jakarta Kemayoran,wedding package grand mercure jakarta kemayoran,Phrase,https://7magicwedding.com/wedding-venue/jakarta/grand-mercure-kemayoran
ID | Venue Names | Jakarta,Luxus Grand Ballroom,biaya pernikahan di luxus grand ballroom,Phrase,https://7magicwedding.com/wedding-venue/jakarta/luxus-grand-ballroom
ID | Venue Names | Jakarta,Luxus Grand Ballroom,harga paket pernikahan luxus grand ballroom,Phrase,https://7magicwedding.com/wedding-venue/jakarta/luxus-grand-ballroom
ID | Venue Names | Jakarta,Luxus Grand Ballroom,luxus grand ballroom ballroom pernikahan,Phrase,https://7magicwedding.com/wedding-venue/jakarta/luxus-grand-ballroom
ID | Venue Names | Jakarta,Luxus Grand Ballroom,paket pernikahan luxus grand ballroom,Phrase,https://7magicwedding.com/wedding-venue/jakarta/luxus-grand-ballroom
ID | Venue Names | Jakarta,Luxus Grand Ballroom,paket wedding luxus grand ballroom,Phrase,https://7magicwedding.com/wedding-venue/jakarta/luxus-grand-ballroom
ID | Venue Names | Jakarta,Luxus Grand Ballroom,wedding package luxus grand ballroom,Phrase,https://7magicwedding.com/wedding-venue/jakarta/luxus-grand-ballroom
ID | Venue Names | Jakarta,Swissotel Jakarta PIK Avenue,biaya pernikahan di swissotel jakarta pik avenue,Phrase,https://7magicwedding.com/wedding-venue/jakarta/swissotel-jakarta-pik
ID | Venue Names | Jakarta,Swissotel Jakarta PIK Avenue,harga paket pernikahan swissotel jakarta pik avenue,Phrase,https://7magicwedding.com/wedding-venue/jakarta/swissotel-jakarta-pik
ID | Venue Names | Jakarta,Swissotel Jakarta PIK Avenue,paket pernikahan swissotel jakarta pik avenue,Phrase,https://7magicwedding.com/wedding-venue/jakarta/swissotel-jakarta-pik
ID | Venue Names | Jakarta,Swissotel Jakarta PIK Avenue,paket wedding swissotel jakarta pik avenue,Phrase,https://7magicwedding.com/wedding-venue/jakarta/swissotel-jakarta-pik
ID | Venue Names | Jakarta,Swissotel Jakarta PIK Avenue,swissotel jakarta pik avenue ballroom pernikahan,Phrase,https://7magicwedding.com/wedding-venue/jakarta/swissotel-jakarta-pik
ID | Venue Names | Jakarta,Swissotel Jakarta PIK Avenue,wedding package swissotel jakarta pik avenue,Phrase,https://7magicwedding.com/wedding-venue/jakarta/swissotel-jakarta-pik
ID | Venue Names | Jakarta,Novotel Jakarta Gajah Mada,biaya pernikahan di novotel jakarta gajah mada,Phrase,https://7magicwedding.com/wedding-venue/jakarta/novotel-jakarta-gajah-mada
ID | Venue Names | Jakarta,Novotel Jakarta Gajah Mada,harga paket pernikahan novotel jakarta gajah mada,Phrase,https://7magicwedding.com/wedding-venue/jakarta/novotel-jakarta-gajah-mada
ID | Venue Names | Jakarta,Novotel Jakarta Gajah Mada,novotel jakarta gajah mada ballroom pernikahan,Phrase,https://7magicwedding.com/wedding-venue/jakarta/novotel-jakarta-gajah-mada
ID | Venue Names | Jakarta,Novotel Jakarta Gajah Mada,paket pernikahan novotel jakarta gajah mada,Phrase,https://7magicwedding.com/wedding-venue/jakarta/novotel-jakarta-gajah-mada
ID | Venue Names | Jakarta,Novotel Jakarta Gajah Mada,paket wedding novotel jakarta gajah mada,Phrase,https://7magicwedding.com/wedding-venue/jakarta/novotel-jakarta-gajah-mada
ID | Venue Names | Jakarta,Novotel Jakarta Gajah Mada,wedding package novotel jakarta gajah mada,Phrase,https://7magicwedding.com/wedding-venue/jakarta/novotel-jakarta-gajah-mada
ID | Venue Names | Jakarta,Mercure Convention Center Ancol,biaya pernikahan di mercure convention center ancol,Phrase,https://7magicwedding.com/wedding-venue/jakarta/mercure-convention-center-ancol
ID | Venue Names | Jakarta,Mercure Convention Center Ancol,harga paket pernikahan mercure convention center ancol,Phrase,https://7magicwedding.com/wedding-venue/jakarta/mercure-convention-center-ancol
ID | Venue Names | Jakarta,Mercure Convention Center Ancol,mercure convention center ancol ballroom pernikahan,Phrase,https://7magicwedding.com/wedding-venue/jakarta/mercure-convention-center-ancol
ID | Venue Names | Jakarta,Mercure Convention Center Ancol,paket pernikahan mercure convention center ancol,Phrase,https://7magicwedding.com/wedding-venue/jakarta/mercure-convention-center-ancol
ID | Venue Names | Jakarta,Mercure Convention Center Ancol,paket wedding mercure convention center ancol,Phrase,https://7magicwedding.com/wedding-venue/jakarta/mercure-convention-center-ancol
ID | Venue Names | Jakarta,Mercure Convention Center Ancol,wedding package mercure convention center ancol,Phrase,https://7magicwedding.com/wedding-venue/jakarta/mercure-convention-center-ancol
ID | Venue Names | Jakarta,Grand Orchard Hotel Kemayoran,biaya pernikahan di grand orchard hotel kemayoran,Phrase,https://7magicwedding.com/wedding-venue/jakarta/grand-orchard-kemayoran
ID | Venue Names | Jakarta,Grand Orchard Hotel Kemayoran,grand orchard hotel kemayoran ballroom pernikahan,Phrase,https://7magicwedding.com/wedding-venue/jakarta/grand-orchard-kemayoran
ID | Venue Names | Jakarta,Grand Orchard Hotel Kemayoran,harga paket pernikahan grand orchard hotel kemayoran,Phrase,https://7magicwedding.com/wedding-venue/jakarta/grand-orchard-kemayoran
ID | Venue Names | Jakarta,Grand Orchard Hotel Kemayoran,paket pernikahan grand orchard hotel kemayoran,Phrase,https://7magicwedding.com/wedding-venue/jakarta/grand-orchard-kemayoran
ID | Venue Names | Jakarta,Grand Orchard Hotel Kemayoran,paket wedding grand orchard hotel kemayoran,Phrase,https://7magicwedding.com/wedding-venue/jakarta/grand-orchard-kemayoran
ID | Venue Names | Jakarta,Grand Orchard Hotel Kemayoran,wedding package grand orchard hotel kemayoran,Phrase,https://7magicwedding.com/wedding-venue/jakarta/grand-orchard-kemayoran
ID | Venue Names | Jakarta,Mercure Jakarta Batavia,biaya pernikahan di mercure jakarta batavia,Phrase,https://7magicwedding.com/wedding-venue/jakarta/mercure-jakarta-batavia
ID | Venue Names | Jakarta,Mercure Jakarta Batavia,harga paket pernikahan mercure jakarta batavia,Phrase,https://7magicwedding.com/wedding-venue/jakarta/mercure-jakarta-batavia
ID | Venue Names | Jakarta,Mercure Jakarta Batavia,mercure jakarta batavia ballroom pernikahan,Phrase,https://7magicwedding.com/wedding-venue/jakarta/mercure-jakarta-batavia
ID | Venue Names | Jakarta,Mercure Jakarta Batavia,paket pernikahan mercure jakarta batavia,Phrase,https://7magicwedding.com/wedding-venue/jakarta/mercure-jakarta-batavia
ID | Venue Names | Jakarta,Mercure Jakarta Batavia,paket wedding mercure jakarta batavia,Phrase,https://7magicwedding.com/wedding-venue/jakarta/mercure-jakarta-batavia
ID | Venue Names | Jakarta,Mercure Jakarta Batavia,wedding package mercure jakarta batavia,Phrase,https://7magicwedding.com/wedding-venue/jakarta/mercure-jakarta-batavia
ID | Venue Names | Jakarta,Sheraton Grand Jakarta Gandaria City Hotel,biaya pernikahan di sheraton grand jakarta gandaria city hotel,Phrase,https://7magicwedding.com/wedding-venue/jakarta/sheraton-grand-jakarta-gandaria-city
ID | Venue Names | Jakarta,Sheraton Grand Jakarta Gandaria City Hotel,harga paket pernikahan sheraton grand jakarta gandaria city hotel,Phrase,https://7magicwedding.com/wedding-venue/jakarta/sheraton-grand-jakarta-gandaria-city
ID | Venue Names | Jakarta,Sheraton Grand Jakarta Gandaria City Hotel,paket pernikahan sheraton grand jakarta gandaria city hotel,Phrase,https://7magicwedding.com/wedding-venue/jakarta/sheraton-grand-jakarta-gandaria-city
ID | Venue Names | Jakarta,Sheraton Grand Jakarta Gandaria City Hotel,paket wedding sheraton grand jakarta gandaria city hotel,Phrase,https://7magicwedding.com/wedding-venue/jakarta/sheraton-grand-jakarta-gandaria-city
ID | Venue Names | Jakarta,Sheraton Grand Jakarta Gandaria City Hotel,sheraton grand jakarta gandaria city hotel ballroom pernikahan,Phrase,https://7magicwedding.com/wedding-venue/jakarta/sheraton-grand-jakarta-gandaria-city
ID | Venue Names | Jakarta,Sheraton Grand Jakarta Gandaria City Hotel,wedding package sheraton grand jakarta gandaria city hotel,Phrase,https://7magicwedding.com/wedding-venue/jakarta/sheraton-grand-jakarta-gandaria-city
ID | Venue Names | Jakarta,Graha Mandiri,biaya pernikahan di graha mandiri,Phrase,https://7magicwedding.com/wedding-venue/jakarta/graha-mandiri-venue
ID | Venue Names | Jakarta,Graha Mandiri,graha mandiri ballroom pernikahan,Phrase,https://7magicwedding.com/wedding-venue/jakarta/graha-mandiri-venue
ID | Venue Names | Jakarta,Graha Mandiri,harga paket pernikahan graha mandiri,Phrase,https://7magicwedding.com/wedding-venue/jakarta/graha-mandiri-venue
ID | Venue Names | Jakarta,Graha Mandiri,paket pernikahan graha mandiri,Phrase,https://7magicwedding.com/wedding-venue/jakarta/graha-mandiri-venue
ID | Venue Names | Jakarta,Graha Mandiri,paket wedding graha mandiri,Phrase,https://7magicwedding.com/wedding-venue/jakarta/graha-mandiri-venue
ID | Venue Names | Jakarta,Graha Mandiri,wedding package graha mandiri,Phrase,https://7magicwedding.com/wedding-venue/jakarta/graha-mandiri-venue
ID | Venue Names | Jakarta,Ashley Wahid Hasyim Jakarta,ashley wahid hasyim jakarta ballroom pernikahan,Phrase,https://7magicwedding.com/wedding-venue/jakarta/ashley-wahid-hasyim-jakarta
ID | Venue Names | Jakarta,Ashley Wahid Hasyim Jakarta,biaya pernikahan di ashley wahid hasyim jakarta,Phrase,https://7magicwedding.com/wedding-venue/jakarta/ashley-wahid-hasyim-jakarta
ID | Venue Names | Jakarta,Ashley Wahid Hasyim Jakarta,harga paket pernikahan ashley wahid hasyim jakarta,Phrase,https://7magicwedding.com/wedding-venue/jakarta/ashley-wahid-hasyim-jakarta
ID | Venue Names | Jakarta,Ashley Wahid Hasyim Jakarta,paket pernikahan ashley wahid hasyim jakarta,Phrase,https://7magicwedding.com/wedding-venue/jakarta/ashley-wahid-hasyim-jakarta
ID | Venue Names | Jakarta,Ashley Wahid Hasyim Jakarta,paket wedding ashley wahid hasyim jakarta,Phrase,https://7magicwedding.com/wedding-venue/jakarta/ashley-wahid-hasyim-jakarta
ID | Venue Names | Jakarta,Ashley Wahid Hasyim Jakarta,wedding package ashley wahid hasyim jakarta,Phrase,https://7magicwedding.com/wedding-venue/jakarta/ashley-wahid-hasyim-jakarta
ID | Venue Names | Jakarta,Ashley Tanah Abang,ashley tanah abang ballroom pernikahan,Phrase,https://7magicwedding.com/wedding-venue/jakarta/ashley-tanah-abang
ID | Venue Names | Jakarta,Ashley Tanah Abang,biaya pernikahan di ashley tanah abang,Phrase,https://7magicwedding.com/wedding-venue/jakarta/ashley-tanah-abang
ID | Venue Names | Jakarta,Ashley Tanah Abang,harga paket pernikahan ashley tanah abang,Phrase,https://7magicwedding.com/wedding-venue/jakarta/ashley-tanah-abang
ID | Venue Names | Jakarta,Ashley Tanah Abang,paket pernikahan ashley tanah abang,Phrase,https://7magicwedding.com/wedding-venue/jakarta/ashley-tanah-abang
ID | Venue Names | Jakarta,Ashley Tanah Abang,paket wedding ashley tanah abang,Phrase,https://7magicwedding.com/wedding-venue/jakarta/ashley-tanah-abang
ID | Venue Names | Jakarta,Ashley Tanah Abang,wedding package ashley tanah abang,Phrase,https://7magicwedding.com/wedding-venue/jakarta/ashley-tanah-abang
ID | Venue Names | Jakarta,Hotel Santika Premiere Slipi,biaya pernikahan di hotel santika premiere slipi,Phrase,https://7magicwedding.com/wedding-venue/jakarta/hotel-santika-premiere-slipi
ID | Venue Names | Jakarta,Hotel Santika Premiere Slipi,harga paket pernikahan hotel santika premiere slipi,Phrase,https://7magicwedding.com/wedding-venue/jakarta/hotel-santika-premiere-slipi
ID | Venue Names | Jakarta,Hotel Santika Premiere Slipi,hotel santika premiere slipi ballroom pernikahan,Phrase,https://7magicwedding.com/wedding-venue/jakarta/hotel-santika-premiere-slipi
ID | Venue Names | Jakarta,Hotel Santika Premiere Slipi,paket pernikahan hotel santika premiere slipi,Phrase,https://7magicwedding.com/wedding-venue/jakarta/hotel-santika-premiere-slipi
ID | Venue Names | Jakarta,Hotel Santika Premiere Slipi,paket wedding hotel santika premiere slipi,Phrase,https://7magicwedding.com/wedding-venue/jakarta/hotel-santika-premiere-slipi
ID | Venue Names | Jakarta,Hotel Santika Premiere Slipi,wedding package hotel santika premiere slipi,Phrase,https://7magicwedding.com/wedding-venue/jakarta/hotel-santika-premiere-slipi
ID | Venue Names | Jakarta,"The Hermitage, a Tribute Portfolio Hotel",biaya pernikahan di the hermitage,Phrase,https://7magicwedding.com/wedding-venue/jakarta/the-hermitage-tribute-portfolio
ID | Venue Names | Jakarta,"The Hermitage, a Tribute Portfolio Hotel","biaya pernikahan di the hermitage, a tribute portfolio hotel",Phrase,https://7magicwedding.com/wedding-venue/jakarta/the-hermitage-tribute-portfolio
ID | Venue Names | Jakarta,"The Hermitage, a Tribute Portfolio Hotel",harga paket pernikahan the hermitage,Phrase,https://7magicwedding.com/wedding-venue/jakarta/the-hermitage-tribute-portfolio
ID | Venue Names | Jakarta,"The Hermitage, a Tribute Portfolio Hotel","harga paket pernikahan the hermitage, a tribute portfolio hotel",Phrase,https://7magicwedding.com/wedding-venue/jakarta/the-hermitage-tribute-portfolio
ID | Venue Names | Jakarta,"The Hermitage, a Tribute Portfolio Hotel",paket pernikahan the hermitage,Phrase,https://7magicwedding.com/wedding-venue/jakarta/the-hermitage-tribute-portfolio
ID | Venue Names | Jakarta,"The Hermitage, a Tribute Portfolio Hotel","paket pernikahan the hermitage, a tribute portfolio hotel",Phrase,https://7magicwedding.com/wedding-venue/jakarta/the-hermitage-tribute-portfolio
ID | Venue Names | Jakarta,"The Hermitage, a Tribute Portfolio Hotel",paket wedding the hermitage,Phrase,https://7magicwedding.com/wedding-venue/jakarta/the-hermitage-tribute-portfolio
ID | Venue Names | Jakarta,"The Hermitage, a Tribute Portfolio Hotel","paket wedding the hermitage, a tribute portfolio hotel",Phrase,https://7magicwedding.com/wedding-venue/jakarta/the-hermitage-tribute-portfolio
ID | Venue Names | Jakarta,"The Hermitage, a Tribute Portfolio Hotel",the hermitage ballroom pernikahan,Phrase,https://7magicwedding.com/wedding-venue/jakarta/the-hermitage-tribute-portfolio
ID | Venue Names | Jakarta,"The Hermitage, a Tribute Portfolio Hotel","the hermitage, a tribute portfolio hotel ballroom pernikahan",Phrase,https://7magicwedding.com/wedding-venue/jakarta/the-hermitage-tribute-portfolio
ID | Venue Names | Jakarta,"The Hermitage, a Tribute Portfolio Hotel",wedding package the hermitage,Phrase,https://7magicwedding.com/wedding-venue/jakarta/the-hermitage-tribute-portfolio
ID | Venue Names | Jakarta,"The Hermitage, a Tribute Portfolio Hotel","wedding package the hermitage, a tribute portfolio hotel",Phrase,https://7magicwedding.com/wedding-venue/jakarta/the-hermitage-tribute-portfolio
ID | Venue Names | Jakarta,Ibis Styles Jakarta Tanah Abang,biaya pernikahan di ibis styles jakarta tanah abang,Phrase,https://7magicwedding.com/wedding-venue/jakarta/ibis-styles-jakarta-tanah-abang
ID | Venue Names | Jakarta,Ibis Styles Jakarta Tanah Abang,harga paket pernikahan ibis styles jakarta tanah abang,Phrase,https://7magicwedding.com/wedding-venue/jakarta/ibis-styles-jakarta-tanah-abang
ID | Venue Names | Jakarta,Ibis Styles Jakarta Tanah Abang,ibis styles jakarta tanah abang ballroom pernikahan,Phrase,https://7magicwedding.com/wedding-venue/jakarta/ibis-styles-jakarta-tanah-abang
ID | Venue Names | Jakarta,Ibis Styles Jakarta Tanah Abang,paket pernikahan ibis styles jakarta tanah abang,Phrase,https://7magicwedding.com/wedding-venue/jakarta/ibis-styles-jakarta-tanah-abang
ID | Venue Names | Jakarta,Ibis Styles Jakarta Tanah Abang,paket wedding ibis styles jakarta tanah abang,Phrase,https://7magicwedding.com/wedding-venue/jakarta/ibis-styles-jakarta-tanah-abang
ID | Venue Names | Jakarta,Ibis Styles Jakarta Tanah Abang,wedding package ibis styles jakarta tanah abang,Phrase,https://7magicwedding.com/wedding-venue/jakarta/ibis-styles-jakarta-tanah-abang
ID | Venue Names | Jakarta,Mercure Jakarta Pantai Indah Kapuk,biaya pernikahan di mercure jakarta pantai indah kapuk,Phrase,https://7magicwedding.com/wedding-venue/jakarta/mercure-jakarta-pantai-indah-kapuk
ID | Venue Names | Jakarta,Mercure Jakarta Pantai Indah Kapuk,harga paket pernikahan mercure jakarta pantai indah kapuk,Phrase,https://7magicwedding.com/wedding-venue/jakarta/mercure-jakarta-pantai-indah-kapuk
ID | Venue Names | Jakarta,Mercure Jakarta Pantai Indah Kapuk,mercure jakarta pantai indah kapuk ballroom pernikahan,Phrase,https://7magicwedding.com/wedding-venue/jakarta/mercure-jakarta-pantai-indah-kapuk
ID | Venue Names | Jakarta,Mercure Jakarta Pantai Indah Kapuk,paket pernikahan mercure jakarta pantai indah kapuk,Phrase,https://7magicwedding.com/wedding-venue/jakarta/mercure-jakarta-pantai-indah-kapuk
ID | Venue Names | Jakarta,Mercure Jakarta Pantai Indah Kapuk,paket wedding mercure jakarta pantai indah kapuk,Phrase,https://7magicwedding.com/wedding-venue/jakarta/mercure-jakarta-pantai-indah-kapuk
ID | Venue Names | Jakarta,Mercure Jakarta Pantai Indah Kapuk,wedding package mercure jakarta pantai indah kapuk,Phrase,https://7magicwedding.com/wedding-venue/jakarta/mercure-jakarta-pantai-indah-kapuk
ID | Venue Names | Jakarta,Mercure Jakarta Sabang,biaya pernikahan di mercure jakarta sabang,Phrase,https://7magicwedding.com/wedding-venue/jakarta/mercure-jakarta-sabang
ID | Venue Names | Jakarta,Mercure Jakarta Sabang,harga paket pernikahan mercure jakarta sabang,Phrase,https://7magicwedding.com/wedding-venue/jakarta/mercure-jakarta-sabang
ID | Venue Names | Jakarta,Mercure Jakarta Sabang,mercure jakarta sabang ballroom pernikahan,Phrase,https://7magicwedding.com/wedding-venue/jakarta/mercure-jakarta-sabang
ID | Venue Names | Jakarta,Mercure Jakarta Sabang,paket pernikahan mercure jakarta sabang,Phrase,https://7magicwedding.com/wedding-venue/jakarta/mercure-jakarta-sabang
ID | Venue Names | Jakarta,Mercure Jakarta Sabang,paket wedding mercure jakarta sabang,Phrase,https://7magicwedding.com/wedding-venue/jakarta/mercure-jakarta-sabang
ID | Venue Names | Jakarta,Mercure Jakarta Sabang,wedding package mercure jakarta sabang,Phrase,https://7magicwedding.com/wedding-venue/jakarta/mercure-jakarta-sabang
ID | Venue Names | Jakarta,Ibis Styles Jakarta Mangga Dua Square,biaya pernikahan di ibis styles jakarta mangga dua square,Phrase,https://7magicwedding.com/wedding-venue/jakarta/ibis-styles-jakarta-mangga-dua-square
ID | Venue Names | Jakarta,Ibis Styles Jakarta Mangga Dua Square,harga paket pernikahan ibis styles jakarta mangga dua square,Phrase,https://7magicwedding.com/wedding-venue/jakarta/ibis-styles-jakarta-mangga-dua-square
ID | Venue Names | Jakarta,Ibis Styles Jakarta Mangga Dua Square,ibis styles jakarta mangga dua square ballroom pernikahan,Phrase,https://7magicwedding.com/wedding-venue/jakarta/ibis-styles-jakarta-mangga-dua-square
ID | Venue Names | Jakarta,Ibis Styles Jakarta Mangga Dua Square,paket pernikahan ibis styles jakarta mangga dua square,Phrase,https://7magicwedding.com/wedding-venue/jakarta/ibis-styles-jakarta-mangga-dua-square
ID | Venue Names | Jakarta,Ibis Styles Jakarta Mangga Dua Square,paket wedding ibis styles jakarta mangga dua square,Phrase,https://7magicwedding.com/wedding-venue/jakarta/ibis-styles-jakarta-mangga-dua-square
ID | Venue Names | Jakarta,Ibis Styles Jakarta Mangga Dua Square,wedding package ibis styles jakarta mangga dua square,Phrase,https://7magicwedding.com/wedding-venue/jakarta/ibis-styles-jakarta-mangga-dua-square
ID | Venue Names | Jakarta,éL Hotel Jakarta (El Royale),biaya pernikahan di él hotel jakarta (el royale),Phrase,https://7magicwedding.com/wedding-venue/jakarta/el-hotel-jakarta-royale
ID | Venue Names | Jakarta,éL Hotel Jakarta (El Royale),harga paket pernikahan él hotel jakarta (el royale),Phrase,https://7magicwedding.com/wedding-venue/jakarta/el-hotel-jakarta-royale
ID | Venue Names | Jakarta,éL Hotel Jakarta (El Royale),paket pernikahan él hotel jakarta (el royale),Phrase,https://7magicwedding.com/wedding-venue/jakarta/el-hotel-jakarta-royale
ID | Venue Names | Jakarta,éL Hotel Jakarta (El Royale),paket wedding él hotel jakarta (el royale),Phrase,https://7magicwedding.com/wedding-venue/jakarta/el-hotel-jakarta-royale
ID | Venue Names | Jakarta,éL Hotel Jakarta (El Royale),wedding package él hotel jakarta (el royale),Phrase,https://7magicwedding.com/wedding-venue/jakarta/el-hotel-jakarta-royale
ID | Venue Names | Jakarta,éL Hotel Jakarta (El Royale),él hotel jakarta (el royale) ballroom pernikahan,Phrase,https://7magicwedding.com/wedding-venue/jakarta/el-hotel-jakarta-royale
ID | Venue Names | Jakarta,Discovery Ancol Jakarta,biaya pernikahan di discovery ancol jakarta,Phrase,https://7magicwedding.com/wedding-venue/jakarta/discovery-ancol-jakarta
ID | Venue Names | Jakarta,Discovery Ancol Jakarta,discovery ancol jakarta ballroom pernikahan,Phrase,https://7magicwedding.com/wedding-venue/jakarta/discovery-ancol-jakarta
ID | Venue Names | Jakarta,Discovery Ancol Jakarta,harga paket pernikahan discovery ancol jakarta,Phrase,https://7magicwedding.com/wedding-venue/jakarta/discovery-ancol-jakarta
ID | Venue Names | Jakarta,Discovery Ancol Jakarta,paket pernikahan discovery ancol jakarta,Phrase,https://7magicwedding.com/wedding-venue/jakarta/discovery-ancol-jakarta
ID | Venue Names | Jakarta,Discovery Ancol Jakarta,paket wedding discovery ancol jakarta,Phrase,https://7magicwedding.com/wedding-venue/jakarta/discovery-ancol-jakarta
ID | Venue Names | Jakarta,Discovery Ancol Jakarta,wedding package discovery ancol jakarta,Phrase,https://7magicwedding.com/wedding-venue/jakarta/discovery-ancol-jakarta
ID | Venue Names | Jakarta,Vertu Harmoni Jakarta,biaya pernikahan di vertu harmoni jakarta,Phrase,https://7magicwedding.com/wedding-venue/jakarta/vertu-harmoni-jakarta
ID | Venue Names | Jakarta,Vertu Harmoni Jakarta,harga paket pernikahan vertu harmoni jakarta,Phrase,https://7magicwedding.com/wedding-venue/jakarta/vertu-harmoni-jakarta
ID | Venue Names | Jakarta,Vertu Harmoni Jakarta,paket pernikahan vertu harmoni jakarta,Phrase,https://7magicwedding.com/wedding-venue/jakarta/vertu-harmoni-jakarta
ID | Venue Names | Jakarta,Vertu Harmoni Jakarta,paket wedding vertu harmoni jakarta,Phrase,https://7magicwedding.com/wedding-venue/jakarta/vertu-harmoni-jakarta
ID | Venue Names | Jakarta,Vertu Harmoni Jakarta,vertu harmoni jakarta ballroom pernikahan,Phrase,https://7magicwedding.com/wedding-venue/jakarta/vertu-harmoni-jakarta
ID | Venue Names | Jakarta,Vertu Harmoni Jakarta,wedding package vertu harmoni jakarta,Phrase,https://7magicwedding.com/wedding-venue/jakarta/vertu-harmoni-jakarta
ID | Venue Names | Jakarta,Lumire Hotel & Convention Center,biaya pernikahan di lumire hotel and,Phrase,https://7magicwedding.com/wedding-venue/jakarta/lumire-hotel-convention-center
ID | Venue Names | Jakarta,Lumire Hotel & Convention Center,biaya pernikahan di lumire hotel and convention center,Phrase,https://7magicwedding.com/wedding-venue/jakarta/lumire-hotel-convention-center
ID | Venue Names | Jakarta,Lumire Hotel & Convention Center,harga paket pernikahan lumire hotel and,Phrase,https://7magicwedding.com/wedding-venue/jakarta/lumire-hotel-convention-center
ID | Venue Names | Jakarta,Lumire Hotel & Convention Center,harga paket pernikahan lumire hotel and convention center,Phrase,https://7magicwedding.com/wedding-venue/jakarta/lumire-hotel-convention-center
ID | Venue Names | Jakarta,Lumire Hotel & Convention Center,lumire hotel and ballroom pernikahan,Phrase,https://7magicwedding.com/wedding-venue/jakarta/lumire-hotel-convention-center
ID | Venue Names | Jakarta,Lumire Hotel & Convention Center,lumire hotel and convention center ballroom pernikahan,Phrase,https://7magicwedding.com/wedding-venue/jakarta/lumire-hotel-convention-center
ID | Venue Names | Jakarta,Lumire Hotel & Convention Center,paket pernikahan lumire hotel and,Phrase,https://7magicwedding.com/wedding-venue/jakarta/lumire-hotel-convention-center
ID | Venue Names | Jakarta,Lumire Hotel & Convention Center,paket pernikahan lumire hotel and convention center,Phrase,https://7magicwedding.com/wedding-venue/jakarta/lumire-hotel-convention-center
ID | Venue Names | Jakarta,Lumire Hotel & Convention Center,paket wedding lumire hotel and,Phrase,https://7magicwedding.com/wedding-venue/jakarta/lumire-hotel-convention-center
ID | Venue Names | Jakarta,Lumire Hotel & Convention Center,paket wedding lumire hotel and convention center,Phrase,https://7magicwedding.com/wedding-venue/jakarta/lumire-hotel-convention-center
ID | Venue Names | Jakarta,Lumire Hotel & Convention Center,wedding package lumire hotel and,Phrase,https://7magicwedding.com/wedding-venue/jakarta/lumire-hotel-convention-center
ID | Venue Names | Jakarta,Lumire Hotel & Convention Center,wedding package lumire hotel and convention center,Phrase,https://7magicwedding.com/wedding-venue/jakarta/lumire-hotel-convention-center
ID | Venue Names | Jakarta,Kimaya Slipi Jakarta by Harris,biaya pernikahan di kimaya slipi jakarta by harris,Phrase,https://7magicwedding.com/wedding-venue/jakarta/kimaya-slipi-jakarta-by-harris
ID | Venue Names | Jakarta,Kimaya Slipi Jakarta by Harris,harga paket pernikahan kimaya slipi jakarta by harris,Phrase,https://7magicwedding.com/wedding-venue/jakarta/kimaya-slipi-jakarta-by-harris
ID | Venue Names | Jakarta,Kimaya Slipi Jakarta by Harris,kimaya slipi jakarta by harris ballroom pernikahan,Phrase,https://7magicwedding.com/wedding-venue/jakarta/kimaya-slipi-jakarta-by-harris
ID | Venue Names | Jakarta,Kimaya Slipi Jakarta by Harris,paket pernikahan kimaya slipi jakarta by harris,Phrase,https://7magicwedding.com/wedding-venue/jakarta/kimaya-slipi-jakarta-by-harris
ID | Venue Names | Jakarta,Kimaya Slipi Jakarta by Harris,paket wedding kimaya slipi jakarta by harris,Phrase,https://7magicwedding.com/wedding-venue/jakarta/kimaya-slipi-jakarta-by-harris
ID | Venue Names | Jakarta,Kimaya Slipi Jakarta by Harris,wedding package kimaya slipi jakarta by harris,Phrase,https://7magicwedding.com/wedding-venue/jakarta/kimaya-slipi-jakarta-by-harris
ID | Venue Names | Jakarta,Le Meridien Jakarta,biaya pernikahan di le meridien jakarta,Phrase,https://7magicwedding.com/wedding-venue/jakarta/le-meridien-jakarta
ID | Venue Names | Jakarta,Le Meridien Jakarta,harga paket pernikahan le meridien jakarta,Phrase,https://7magicwedding.com/wedding-venue/jakarta/le-meridien-jakarta
ID | Venue Names | Jakarta,Le Meridien Jakarta,le meridien jakarta ballroom pernikahan,Phrase,https://7magicwedding.com/wedding-venue/jakarta/le-meridien-jakarta
ID | Venue Names | Jakarta,Le Meridien Jakarta,paket pernikahan le meridien jakarta,Phrase,https://7magicwedding.com/wedding-venue/jakarta/le-meridien-jakarta
ID | Venue Names | Jakarta,Le Meridien Jakarta,paket wedding le meridien jakarta,Phrase,https://7magicwedding.com/wedding-venue/jakarta/le-meridien-jakarta
ID | Venue Names | Jakarta,Le Meridien Jakarta,wedding package le meridien jakarta,Phrase,https://7magicwedding.com/wedding-venue/jakarta/le-meridien-jakarta
ID | Venue Names | Jakarta,Photo Upload Venue,biaya pernikahan di photo upload venue,Phrase,https://7magicwedding.com/wedding-venue/jakarta/photo-upload-venue
ID | Venue Names | Jakarta,Photo Upload Venue,harga paket pernikahan photo upload venue,Phrase,https://7magicwedding.com/wedding-venue/jakarta/photo-upload-venue
ID | Venue Names | Jakarta,Photo Upload Venue,paket pernikahan photo upload venue,Phrase,https://7magicwedding.com/wedding-venue/jakarta/photo-upload-venue
ID | Venue Names | Jakarta,Photo Upload Venue,paket wedding photo upload venue,Phrase,https://7magicwedding.com/wedding-venue/jakarta/photo-upload-venue
ID | Venue Names | Jakarta,Photo Upload Venue,photo upload venue ballroom pernikahan,Phrase,https://7magicwedding.com/wedding-venue/jakarta/photo-upload-venue
ID | Venue Names | Jakarta,Photo Upload Venue,wedding package photo upload venue,Phrase,https://7magicwedding.com/wedding-venue/jakarta/photo-upload-venue
ID | Venue Names | Jakarta,Mercure Jakarta Kota,biaya pernikahan di mercure jakarta kota,Phrase,https://7magicwedding.com/wedding-venue/jakarta/mercure-jakarta-kota
ID | Venue Names | Jakarta,Mercure Jakarta Kota,harga paket pernikahan mercure jakarta kota,Phrase,https://7magicwedding.com/wedding-venue/jakarta/mercure-jakarta-kota
ID | Venue Names | Jakarta,Mercure Jakarta Kota,mercure jakarta kota ballroom pernikahan,Phrase,https://7magicwedding.com/wedding-venue/jakarta/mercure-jakarta-kota
ID | Venue Names | Jakarta,Mercure Jakarta Kota,paket pernikahan mercure jakarta kota,Phrase,https://7magicwedding.com/wedding-venue/jakarta/mercure-jakarta-kota
ID | Venue Names | Jakarta,Mercure Jakarta Kota,paket wedding mercure jakarta kota,Phrase,https://7magicwedding.com/wedding-venue/jakarta/mercure-jakarta-kota
ID | Venue Names | Jakarta,Mercure Jakarta Kota,wedding package mercure jakarta kota,Phrase,https://7magicwedding.com/wedding-venue/jakarta/mercure-jakarta-kota
ID | Venue Names | Jakarta,Ibis Styles Jakarta Gajah Mada,biaya pernikahan di ibis styles jakarta gajah mada,Phrase,https://7magicwedding.com/wedding-venue/jakarta/ibis-styles-jakarta-gajah-mada
ID | Venue Names | Jakarta,Ibis Styles Jakarta Gajah Mada,harga paket pernikahan ibis styles jakarta gajah mada,Phrase,https://7magicwedding.com/wedding-venue/jakarta/ibis-styles-jakarta-gajah-mada
ID | Venue Names | Jakarta,Ibis Styles Jakarta Gajah Mada,ibis styles jakarta gajah mada ballroom pernikahan,Phrase,https://7magicwedding.com/wedding-venue/jakarta/ibis-styles-jakarta-gajah-mada
ID | Venue Names | Jakarta,Ibis Styles Jakarta Gajah Mada,paket pernikahan ibis styles jakarta gajah mada,Phrase,https://7magicwedding.com/wedding-venue/jakarta/ibis-styles-jakarta-gajah-mada
ID | Venue Names | Jakarta,Ibis Styles Jakarta Gajah Mada,paket wedding ibis styles jakarta gajah mada,Phrase,https://7magicwedding.com/wedding-venue/jakarta/ibis-styles-jakarta-gajah-mada
ID | Venue Names | Jakarta,Ibis Styles Jakarta Gajah Mada,wedding package ibis styles jakarta gajah mada,Phrase,https://7magicwedding.com/wedding-venue/jakarta/ibis-styles-jakarta-gajah-mada
ID | Venue Names | Jakarta,Royal Palm Hotel & Conference Center,biaya pernikahan di royal palm hotel and,Phrase,https://7magicwedding.com/wedding-venue/jakarta/royal-palm-hotel-conference-center
ID | Venue Names | Jakarta,Royal Palm Hotel & Conference Center,biaya pernikahan di royal palm hotel and conference center,Phrase,https://7magicwedding.com/wedding-venue/jakarta/royal-palm-hotel-conference-center
ID | Venue Names | Jakarta,Royal Palm Hotel & Conference Center,harga paket pernikahan royal palm hotel and,Phrase,https://7magicwedding.com/wedding-venue/jakarta/royal-palm-hotel-conference-center
ID | Venue Names | Jakarta,Royal Palm Hotel & Conference Center,harga paket pernikahan royal palm hotel and conference center,Phrase,https://7magicwedding.com/wedding-venue/jakarta/royal-palm-hotel-conference-center
ID | Venue Names | Jakarta,Royal Palm Hotel & Conference Center,paket pernikahan royal palm hotel and,Phrase,https://7magicwedding.com/wedding-venue/jakarta/royal-palm-hotel-conference-center
ID | Venue Names | Jakarta,Royal Palm Hotel & Conference Center,paket pernikahan royal palm hotel and conference center,Phrase,https://7magicwedding.com/wedding-venue/jakarta/royal-palm-hotel-conference-center
ID | Venue Names | Jakarta,Royal Palm Hotel & Conference Center,paket wedding royal palm hotel and,Phrase,https://7magicwedding.com/wedding-venue/jakarta/royal-palm-hotel-conference-center
ID | Venue Names | Jakarta,Royal Palm Hotel & Conference Center,paket wedding royal palm hotel and conference center,Phrase,https://7magicwedding.com/wedding-venue/jakarta/royal-palm-hotel-conference-center
ID | Venue Names | Jakarta,Royal Palm Hotel & Conference Center,royal palm hotel and ballroom pernikahan,Phrase,https://7magicwedding.com/wedding-venue/jakarta/royal-palm-hotel-conference-center
ID | Venue Names | Jakarta,Royal Palm Hotel & Conference Center,royal palm hotel and conference center ballroom pernikahan,Phrase,https://7magicwedding.com/wedding-venue/jakarta/royal-palm-hotel-conference-center
ID | Venue Names | Jakarta,Royal Palm Hotel & Conference Center,wedding package royal palm hotel and,Phrase,https://7magicwedding.com/wedding-venue/jakarta/royal-palm-hotel-conference-center
ID | Venue Names | Jakarta,Royal Palm Hotel & Conference Center,wedding package royal palm hotel and conference center,Phrase,https://7magicwedding.com/wedding-venue/jakarta/royal-palm-hotel-conference-center
ID | Venue Names | Jakarta,Neo Hotel Puri Indah,biaya pernikahan di neo hotel puri indah,Phrase,https://7magicwedding.com/wedding-venue/jakarta/neo-hotel-puri-indah
ID | Venue Names | Jakarta,Neo Hotel Puri Indah,harga paket pernikahan neo hotel puri indah,Phrase,https://7magicwedding.com/wedding-venue/jakarta/neo-hotel-puri-indah
ID | Venue Names | Jakarta,Neo Hotel Puri Indah,neo hotel puri indah ballroom pernikahan,Phrase,https://7magicwedding.com/wedding-venue/jakarta/neo-hotel-puri-indah
ID | Venue Names | Jakarta,Neo Hotel Puri Indah,paket pernikahan neo hotel puri indah,Phrase,https://7magicwedding.com/wedding-venue/jakarta/neo-hotel-puri-indah
ID | Venue Names | Jakarta,Neo Hotel Puri Indah,paket wedding neo hotel puri indah,Phrase,https://7magicwedding.com/wedding-venue/jakarta/neo-hotel-puri-indah
ID | Venue Names | Jakarta,Neo Hotel Puri Indah,wedding package neo hotel puri indah,Phrase,https://7magicwedding.com/wedding-venue/jakarta/neo-hotel-puri-indah
ID | Venue Names | Jakarta,Mercure Jakarta Gatot Subroto,biaya pernikahan di mercure jakarta gatot subroto,Phrase,https://7magicwedding.com/wedding-venue/jakarta/mercure-jakarta-gatot-subroto
ID | Venue Names | Jakarta,Mercure Jakarta Gatot Subroto,harga paket pernikahan mercure jakarta gatot subroto,Phrase,https://7magicwedding.com/wedding-venue/jakarta/mercure-jakarta-gatot-subroto
ID | Venue Names | Jakarta,Mercure Jakarta Gatot Subroto,mercure jakarta gatot subroto ballroom pernikahan,Phrase,https://7magicwedding.com/wedding-venue/jakarta/mercure-jakarta-gatot-subroto
ID | Venue Names | Jakarta,Mercure Jakarta Gatot Subroto,paket pernikahan mercure jakarta gatot subroto,Phrase,https://7magicwedding.com/wedding-venue/jakarta/mercure-jakarta-gatot-subroto
ID | Venue Names | Jakarta,Mercure Jakarta Gatot Subroto,paket wedding mercure jakarta gatot subroto,Phrase,https://7magicwedding.com/wedding-venue/jakarta/mercure-jakarta-gatot-subroto
ID | Venue Names | Jakarta,Mercure Jakarta Gatot Subroto,wedding package mercure jakarta gatot subroto,Phrase,https://7magicwedding.com/wedding-venue/jakarta/mercure-jakarta-gatot-subroto
ID | Venue Names | Jakarta,Arosa Hotel Jakarta,arosa hotel jakarta ballroom pernikahan,Phrase,https://7magicwedding.com/wedding-venue/jakarta/arosa-hotel-jakarta
ID | Venue Names | Jakarta,Arosa Hotel Jakarta,biaya pernikahan di arosa hotel jakarta,Phrase,https://7magicwedding.com/wedding-venue/jakarta/arosa-hotel-jakarta
ID | Venue Names | Jakarta,Arosa Hotel Jakarta,harga paket pernikahan arosa hotel jakarta,Phrase,https://7magicwedding.com/wedding-venue/jakarta/arosa-hotel-jakarta
ID | Venue Names | Jakarta,Arosa Hotel Jakarta,paket pernikahan arosa hotel jakarta,Phrase,https://7magicwedding.com/wedding-venue/jakarta/arosa-hotel-jakarta
ID | Venue Names | Jakarta,Arosa Hotel Jakarta,paket wedding arosa hotel jakarta,Phrase,https://7magicwedding.com/wedding-venue/jakarta/arosa-hotel-jakarta
ID | Venue Names | Jakarta,Arosa Hotel Jakarta,wedding package arosa hotel jakarta,Phrase,https://7magicwedding.com/wedding-venue/jakarta/arosa-hotel-jakarta
ID | Venue Names | Jakarta,Novotel Jakarta Mangga Dua Square,biaya pernikahan di novotel jakarta mangga dua square,Phrase,https://7magicwedding.com/wedding-venue/jakarta/novotel-jakarta-mangga-dua-square
ID | Venue Names | Jakarta,Novotel Jakarta Mangga Dua Square,harga paket pernikahan novotel jakarta mangga dua square,Phrase,https://7magicwedding.com/wedding-venue/jakarta/novotel-jakarta-mangga-dua-square
ID | Venue Names | Jakarta,Novotel Jakarta Mangga Dua Square,novotel jakarta mangga dua square ballroom pernikahan,Phrase,https://7magicwedding.com/wedding-venue/jakarta/novotel-jakarta-mangga-dua-square
ID | Venue Names | Jakarta,Novotel Jakarta Mangga Dua Square,paket pernikahan novotel jakarta mangga dua square,Phrase,https://7magicwedding.com/wedding-venue/jakarta/novotel-jakarta-mangga-dua-square
ID | Venue Names | Jakarta,Novotel Jakarta Mangga Dua Square,paket wedding novotel jakarta mangga dua square,Phrase,https://7magicwedding.com/wedding-venue/jakarta/novotel-jakarta-mangga-dua-square
ID | Venue Names | Jakarta,Novotel Jakarta Mangga Dua Square,wedding package novotel jakarta mangga dua square,Phrase,https://7magicwedding.com/wedding-venue/jakarta/novotel-jakarta-mangga-dua-square
ID | Venue Names | Jakarta,Menara Peninsula Hotel,biaya pernikahan di menara peninsula hotel,Phrase,https://7magicwedding.com/wedding-venue/jakarta/menara-peninsula-hotel
ID | Venue Names | Jakarta,Menara Peninsula Hotel,harga paket pernikahan menara peninsula hotel,Phrase,https://7magicwedding.com/wedding-venue/jakarta/menara-peninsula-hotel
ID | Venue Names | Jakarta,Menara Peninsula Hotel,menara peninsula hotel ballroom pernikahan,Phrase,https://7magicwedding.com/wedding-venue/jakarta/menara-peninsula-hotel
ID | Venue Names | Jakarta,Menara Peninsula Hotel,paket pernikahan menara peninsula hotel,Phrase,https://7magicwedding.com/wedding-venue/jakarta/menara-peninsula-hotel
ID | Venue Names | Jakarta,Menara Peninsula Hotel,paket wedding menara peninsula hotel,Phrase,https://7magicwedding.com/wedding-venue/jakarta/menara-peninsula-hotel
ID | Venue Names | Jakarta,Menara Peninsula Hotel,wedding package menara peninsula hotel,Phrase,https://7magicwedding.com/wedding-venue/jakarta/menara-peninsula-hotel
ID | Venue Names | Jakarta,HARRIS Suites Puri Mansion,biaya pernikahan di harris suites puri mansion,Phrase,https://7magicwedding.com/wedding-venue/jakarta/harris-suites-puri-mansion
ID | Venue Names | Jakarta,HARRIS Suites Puri Mansion,harga paket pernikahan harris suites puri mansion,Phrase,https://7magicwedding.com/wedding-venue/jakarta/harris-suites-puri-mansion
ID | Venue Names | Jakarta,HARRIS Suites Puri Mansion,harris suites puri mansion ballroom pernikahan,Phrase,https://7magicwedding.com/wedding-venue/jakarta/harris-suites-puri-mansion
ID | Venue Names | Jakarta,HARRIS Suites Puri Mansion,paket pernikahan harris suites puri mansion,Phrase,https://7magicwedding.com/wedding-venue/jakarta/harris-suites-puri-mansion
ID | Venue Names | Jakarta,HARRIS Suites Puri Mansion,paket wedding harris suites puri mansion,Phrase,https://7magicwedding.com/wedding-venue/jakarta/harris-suites-puri-mansion
ID | Venue Names | Jakarta,HARRIS Suites Puri Mansion,wedding package harris suites puri mansion,Phrase,https://7magicwedding.com/wedding-venue/jakarta/harris-suites-puri-mansion
ID | Venue Names | Jakarta,Whiz Prime Hotel Kelapa Gading,biaya pernikahan di whiz prime hotel kelapa gading,Phrase,https://7magicwedding.com/wedding-venue/jakarta/whiz-prime-kelapa-gading
ID | Venue Names | Jakarta,Whiz Prime Hotel Kelapa Gading,harga paket pernikahan whiz prime hotel kelapa gading,Phrase,https://7magicwedding.com/wedding-venue/jakarta/whiz-prime-kelapa-gading
ID | Venue Names | Jakarta,Whiz Prime Hotel Kelapa Gading,paket pernikahan whiz prime hotel kelapa gading,Phrase,https://7magicwedding.com/wedding-venue/jakarta/whiz-prime-kelapa-gading
ID | Venue Names | Jakarta,Whiz Prime Hotel Kelapa Gading,paket wedding whiz prime hotel kelapa gading,Phrase,https://7magicwedding.com/wedding-venue/jakarta/whiz-prime-kelapa-gading
ID | Venue Names | Jakarta,Whiz Prime Hotel Kelapa Gading,wedding package whiz prime hotel kelapa gading,Phrase,https://7magicwedding.com/wedding-venue/jakarta/whiz-prime-kelapa-gading
ID | Venue Names | Jakarta,Whiz Prime Hotel Kelapa Gading,whiz prime hotel kelapa gading ballroom pernikahan,Phrase,https://7magicwedding.com/wedding-venue/jakarta/whiz-prime-kelapa-gading
ID | Venue Names | Jakarta,Grand Paragon Hotel,biaya pernikahan di grand paragon hotel,Phrase,https://7magicwedding.com/wedding-venue/jakarta/grand-paragon-hotel
ID | Venue Names | Jakarta,Grand Paragon Hotel,grand paragon hotel ballroom pernikahan,Phrase,https://7magicwedding.com/wedding-venue/jakarta/grand-paragon-hotel
ID | Venue Names | Jakarta,Grand Paragon Hotel,harga paket pernikahan grand paragon hotel,Phrase,https://7magicwedding.com/wedding-venue/jakarta/grand-paragon-hotel
ID | Venue Names | Jakarta,Grand Paragon Hotel,paket pernikahan grand paragon hotel,Phrase,https://7magicwedding.com/wedding-venue/jakarta/grand-paragon-hotel
ID | Venue Names | Jakarta,Grand Paragon Hotel,paket wedding grand paragon hotel,Phrase,https://7magicwedding.com/wedding-venue/jakarta/grand-paragon-hotel
ID | Venue Names | Jakarta,Grand Paragon Hotel,wedding package grand paragon hotel,Phrase,https://7magicwedding.com/wedding-venue/jakarta/grand-paragon-hotel
ID | Venue Names | Jakarta,Ibis Jakarta Harmoni,biaya pernikahan di ibis jakarta harmoni,Phrase,https://7magicwedding.com/wedding-venue/jakarta/ibis-jakarta-harmoni
ID | Venue Names | Jakarta,Ibis Jakarta Harmoni,harga paket pernikahan ibis jakarta harmoni,Phrase,https://7magicwedding.com/wedding-venue/jakarta/ibis-jakarta-harmoni
ID | Venue Names | Jakarta,Ibis Jakarta Harmoni,ibis jakarta harmoni ballroom pernikahan,Phrase,https://7magicwedding.com/wedding-venue/jakarta/ibis-jakarta-harmoni
ID | Venue Names | Jakarta,Ibis Jakarta Harmoni,paket pernikahan ibis jakarta harmoni,Phrase,https://7magicwedding.com/wedding-venue/jakarta/ibis-jakarta-harmoni
ID | Venue Names | Jakarta,Ibis Jakarta Harmoni,paket wedding ibis jakarta harmoni,Phrase,https://7magicwedding.com/wedding-venue/jakarta/ibis-jakarta-harmoni
ID | Venue Names | Jakarta,Ibis Jakarta Harmoni,wedding package ibis jakarta harmoni,Phrase,https://7magicwedding.com/wedding-venue/jakarta/ibis-jakarta-harmoni
ID | Venue Names | Jakarta,Posto Dormire Hotel,biaya pernikahan di posto dormire hotel,Phrase,https://7magicwedding.com/wedding-venue/jakarta/posto-dormire-hotel
ID | Venue Names | Jakarta,Posto Dormire Hotel,harga paket pernikahan posto dormire hotel,Phrase,https://7magicwedding.com/wedding-venue/jakarta/posto-dormire-hotel
ID | Venue Names | Jakarta,Posto Dormire Hotel,paket pernikahan posto dormire hotel,Phrase,https://7magicwedding.com/wedding-venue/jakarta/posto-dormire-hotel
ID | Venue Names | Jakarta,Posto Dormire Hotel,paket wedding posto dormire hotel,Phrase,https://7magicwedding.com/wedding-venue/jakarta/posto-dormire-hotel
ID | Venue Names | Jakarta,Posto Dormire Hotel,posto dormire hotel ballroom pernikahan,Phrase,https://7magicwedding.com/wedding-venue/jakarta/posto-dormire-hotel
ID | Venue Names | Jakarta,Posto Dormire Hotel,wedding package posto dormire hotel,Phrase,https://7magicwedding.com/wedding-venue/jakarta/posto-dormire-hotel
ID | Venue Names | Jakarta,Cordela Senen Jakarta,biaya pernikahan di cordela senen jakarta,Phrase,https://7magicwedding.com/wedding-venue/jakarta/cordela-senen-jakarta
ID | Venue Names | Jakarta,Cordela Senen Jakarta,cordela senen jakarta ballroom pernikahan,Phrase,https://7magicwedding.com/wedding-venue/jakarta/cordela-senen-jakarta
ID | Venue Names | Jakarta,Cordela Senen Jakarta,harga paket pernikahan cordela senen jakarta,Phrase,https://7magicwedding.com/wedding-venue/jakarta/cordela-senen-jakarta
ID | Venue Names | Jakarta,Cordela Senen Jakarta,paket pernikahan cordela senen jakarta,Phrase,https://7magicwedding.com/wedding-venue/jakarta/cordela-senen-jakarta
ID | Venue Names | Jakarta,Cordela Senen Jakarta,paket wedding cordela senen jakarta,Phrase,https://7magicwedding.com/wedding-venue/jakarta/cordela-senen-jakarta
ID | Venue Names | Jakarta,Cordela Senen Jakarta,wedding package cordela senen jakarta,Phrase,https://7magicwedding.com/wedding-venue/jakarta/cordela-senen-jakarta
ID | Venue Names | Tangerang,Episode Gading Serpong,biaya pernikahan di episode gading serpong,Phrase,https://7magicwedding.com/wedding-venue/tangerang/episode-gading-serpong
ID | Venue Names | Tangerang,Episode Gading Serpong,episode gading serpong ballroom pernikahan,Phrase,https://7magicwedding.com/wedding-venue/tangerang/episode-gading-serpong
ID | Venue Names | Tangerang,Episode Gading Serpong,harga paket pernikahan episode gading serpong,Phrase,https://7magicwedding.com/wedding-venue/tangerang/episode-gading-serpong
ID | Venue Names | Tangerang,Episode Gading Serpong,paket pernikahan episode gading serpong,Phrase,https://7magicwedding.com/wedding-venue/tangerang/episode-gading-serpong
ID | Venue Names | Tangerang,Episode Gading Serpong,paket wedding episode gading serpong,Phrase,https://7magicwedding.com/wedding-venue/tangerang/episode-gading-serpong
ID | Venue Names | Tangerang,Episode Gading Serpong,wedding package episode gading serpong,Phrase,https://7magicwedding.com/wedding-venue/tangerang/episode-gading-serpong
ID | Venue Names | Tangerang,Atria Hotel Gading Serpong,atria hotel gading serpong ballroom pernikahan,Phrase,https://7magicwedding.com/wedding-venue/tangerang/atria-hotel-gading-serpong
ID | Venue Names | Tangerang,Atria Hotel Gading Serpong,biaya pernikahan di atria hotel gading serpong,Phrase,https://7magicwedding.com/wedding-venue/tangerang/atria-hotel-gading-serpong
ID | Venue Names | Tangerang,Atria Hotel Gading Serpong,harga paket pernikahan atria hotel gading serpong,Phrase,https://7magicwedding.com/wedding-venue/tangerang/atria-hotel-gading-serpong
ID | Venue Names | Tangerang,Atria Hotel Gading Serpong,paket pernikahan atria hotel gading serpong,Phrase,https://7magicwedding.com/wedding-venue/tangerang/atria-hotel-gading-serpong
ID | Venue Names | Tangerang,Atria Hotel Gading Serpong,paket wedding atria hotel gading serpong,Phrase,https://7magicwedding.com/wedding-venue/tangerang/atria-hotel-gading-serpong
ID | Venue Names | Tangerang,Atria Hotel Gading Serpong,wedding package atria hotel gading serpong,Phrase,https://7magicwedding.com/wedding-venue/tangerang/atria-hotel-gading-serpong
ID | Venue Names | Tangerang,"VIVERE Hotel, ARTOTEL Curated",biaya pernikahan di vivere hotel,Phrase,https://7magicwedding.com/wedding-venue/tangerang/vivere-hotel-artotel-curated
ID | Venue Names | Tangerang,"VIVERE Hotel, ARTOTEL Curated","biaya pernikahan di vivere hotel, artotel curated",Phrase,https://7magicwedding.com/wedding-venue/tangerang/vivere-hotel-artotel-curated
ID | Venue Names | Tangerang,"VIVERE Hotel, ARTOTEL Curated",harga paket pernikahan vivere hotel,Phrase,https://7magicwedding.com/wedding-venue/tangerang/vivere-hotel-artotel-curated
ID | Venue Names | Tangerang,"VIVERE Hotel, ARTOTEL Curated","harga paket pernikahan vivere hotel, artotel curated",Phrase,https://7magicwedding.com/wedding-venue/tangerang/vivere-hotel-artotel-curated
ID | Venue Names | Tangerang,"VIVERE Hotel, ARTOTEL Curated",paket pernikahan vivere hotel,Phrase,https://7magicwedding.com/wedding-venue/tangerang/vivere-hotel-artotel-curated
ID | Venue Names | Tangerang,"VIVERE Hotel, ARTOTEL Curated","paket pernikahan vivere hotel, artotel curated",Phrase,https://7magicwedding.com/wedding-venue/tangerang/vivere-hotel-artotel-curated
ID | Venue Names | Tangerang,"VIVERE Hotel, ARTOTEL Curated",paket wedding vivere hotel,Phrase,https://7magicwedding.com/wedding-venue/tangerang/vivere-hotel-artotel-curated
ID | Venue Names | Tangerang,"VIVERE Hotel, ARTOTEL Curated","paket wedding vivere hotel, artotel curated",Phrase,https://7magicwedding.com/wedding-venue/tangerang/vivere-hotel-artotel-curated
ID | Venue Names | Tangerang,"VIVERE Hotel, ARTOTEL Curated",vivere hotel ballroom pernikahan,Phrase,https://7magicwedding.com/wedding-venue/tangerang/vivere-hotel-artotel-curated
ID | Venue Names | Tangerang,"VIVERE Hotel, ARTOTEL Curated","vivere hotel, artotel curated ballroom pernikahan",Phrase,https://7magicwedding.com/wedding-venue/tangerang/vivere-hotel-artotel-curated
ID | Venue Names | Tangerang,"VIVERE Hotel, ARTOTEL Curated",wedding package vivere hotel,Phrase,https://7magicwedding.com/wedding-venue/tangerang/vivere-hotel-artotel-curated
ID | Venue Names | Tangerang,"VIVERE Hotel, ARTOTEL Curated","wedding package vivere hotel, artotel curated",Phrase,https://7magicwedding.com/wedding-venue/tangerang/vivere-hotel-artotel-curated
ID | Venue Names | Tangerang,Agave Hall,agave hall ballroom pernikahan,Phrase,https://7magicwedding.com/wedding-venue/tangerang/agave-hall
ID | Venue Names | Tangerang,Agave Hall,biaya pernikahan di agave hall,Phrase,https://7magicwedding.com/wedding-venue/tangerang/agave-hall
ID | Venue Names | Tangerang,Agave Hall,harga paket pernikahan agave hall,Phrase,https://7magicwedding.com/wedding-venue/tangerang/agave-hall
ID | Venue Names | Tangerang,Agave Hall,paket pernikahan agave hall,Phrase,https://7magicwedding.com/wedding-venue/tangerang/agave-hall
ID | Venue Names | Tangerang,Agave Hall,paket wedding agave hall,Phrase,https://7magicwedding.com/wedding-venue/tangerang/agave-hall
ID | Venue Names | Tangerang,Agave Hall,wedding package agave hall,Phrase,https://7magicwedding.com/wedding-venue/tangerang/agave-hall
ID | Venue Names | Tangerang,Imperial Klub Golf,biaya pernikahan di imperial klub golf,Phrase,https://7magicwedding.com/wedding-venue/tangerang/imperial-klub-golf
ID | Venue Names | Tangerang,Imperial Klub Golf,harga paket pernikahan imperial klub golf,Phrase,https://7magicwedding.com/wedding-venue/tangerang/imperial-klub-golf
ID | Venue Names | Tangerang,Imperial Klub Golf,imperial klub golf ballroom pernikahan,Phrase,https://7magicwedding.com/wedding-venue/tangerang/imperial-klub-golf
ID | Venue Names | Tangerang,Imperial Klub Golf,paket pernikahan imperial klub golf,Phrase,https://7magicwedding.com/wedding-venue/tangerang/imperial-klub-golf
ID | Venue Names | Tangerang,Imperial Klub Golf,paket wedding imperial klub golf,Phrase,https://7magicwedding.com/wedding-venue/tangerang/imperial-klub-golf
ID | Venue Names | Tangerang,Imperial Klub Golf,wedding package imperial klub golf,Phrase,https://7magicwedding.com/wedding-venue/tangerang/imperial-klub-golf
ID | Venue Names | Tangerang,JHL Solitaire Gading Serpong,biaya pernikahan di jhl solitaire gading serpong,Phrase,https://7magicwedding.com/wedding-venue/tangerang/jhl-solitaire-gading-serpong
ID | Venue Names | Tangerang,JHL Solitaire Gading Serpong,harga paket pernikahan jhl solitaire gading serpong,Phrase,https://7magicwedding.com/wedding-venue/tangerang/jhl-solitaire-gading-serpong
ID | Venue Names | Tangerang,JHL Solitaire Gading Serpong,jhl solitaire gading serpong ballroom pernikahan,Phrase,https://7magicwedding.com/wedding-venue/tangerang/jhl-solitaire-gading-serpong
ID | Venue Names | Tangerang,JHL Solitaire Gading Serpong,paket pernikahan jhl solitaire gading serpong,Phrase,https://7magicwedding.com/wedding-venue/tangerang/jhl-solitaire-gading-serpong
ID | Venue Names | Tangerang,JHL Solitaire Gading Serpong,paket wedding jhl solitaire gading serpong,Phrase,https://7magicwedding.com/wedding-venue/tangerang/jhl-solitaire-gading-serpong
ID | Venue Names | Tangerang,JHL Solitaire Gading Serpong,wedding package jhl solitaire gading serpong,Phrase,https://7magicwedding.com/wedding-venue/tangerang/jhl-solitaire-gading-serpong
ID | Venue Names | Tangerang,Mercure Serpong Alam Sutera,biaya pernikahan di mercure serpong alam sutera,Phrase,https://7magicwedding.com/wedding-venue/tangerang/mercure-serpong-alam-sutera
ID | Venue Names | Tangerang,Mercure Serpong Alam Sutera,harga paket pernikahan mercure serpong alam sutera,Phrase,https://7magicwedding.com/wedding-venue/tangerang/mercure-serpong-alam-sutera
ID | Venue Names | Tangerang,Mercure Serpong Alam Sutera,mercure serpong alam sutera ballroom pernikahan,Phrase,https://7magicwedding.com/wedding-venue/tangerang/mercure-serpong-alam-sutera
ID | Venue Names | Tangerang,Mercure Serpong Alam Sutera,paket pernikahan mercure serpong alam sutera,Phrase,https://7magicwedding.com/wedding-venue/tangerang/mercure-serpong-alam-sutera
ID | Venue Names | Tangerang,Mercure Serpong Alam Sutera,paket wedding mercure serpong alam sutera,Phrase,https://7magicwedding.com/wedding-venue/tangerang/mercure-serpong-alam-sutera
ID | Venue Names | Tangerang,Mercure Serpong Alam Sutera,wedding package mercure serpong alam sutera,Phrase,https://7magicwedding.com/wedding-venue/tangerang/mercure-serpong-alam-sutera
ID | Venue Names | Tangerang,Mercure Tangerang BSD City,biaya pernikahan di mercure tangerang bsd city,Phrase,https://7magicwedding.com/wedding-venue/tangerang/mercure-tangerang-bsd-city
ID | Venue Names | Tangerang,Mercure Tangerang BSD City,harga paket pernikahan mercure tangerang bsd city,Phrase,https://7magicwedding.com/wedding-venue/tangerang/mercure-tangerang-bsd-city
ID | Venue Names | Tangerang,Mercure Tangerang BSD City,mercure tangerang bsd city ballroom pernikahan,Phrase,https://7magicwedding.com/wedding-venue/tangerang/mercure-tangerang-bsd-city
ID | Venue Names | Tangerang,Mercure Tangerang BSD City,paket pernikahan mercure tangerang bsd city,Phrase,https://7magicwedding.com/wedding-venue/tangerang/mercure-tangerang-bsd-city
ID | Venue Names | Tangerang,Mercure Tangerang BSD City,paket wedding mercure tangerang bsd city,Phrase,https://7magicwedding.com/wedding-venue/tangerang/mercure-tangerang-bsd-city
ID | Venue Names | Tangerang,Mercure Tangerang BSD City,wedding package mercure tangerang bsd city,Phrase,https://7magicwedding.com/wedding-venue/tangerang/mercure-tangerang-bsd-city
ID | Venue Names | Tangerang,Novotel Tangerang,biaya pernikahan di novotel tangerang,Phrase,https://7magicwedding.com/wedding-venue/tangerang/novotel-tangerang
ID | Venue Names | Tangerang,Novotel Tangerang,harga paket pernikahan novotel tangerang,Phrase,https://7magicwedding.com/wedding-venue/tangerang/novotel-tangerang
ID | Venue Names | Tangerang,Novotel Tangerang,novotel tangerang ballroom pernikahan,Phrase,https://7magicwedding.com/wedding-venue/tangerang/novotel-tangerang
ID | Venue Names | Tangerang,Novotel Tangerang,paket pernikahan novotel tangerang,Phrase,https://7magicwedding.com/wedding-venue/tangerang/novotel-tangerang
ID | Venue Names | Tangerang,Novotel Tangerang,paket wedding novotel tangerang,Phrase,https://7magicwedding.com/wedding-venue/tangerang/novotel-tangerang
ID | Venue Names | Tangerang,Novotel Tangerang,wedding package novotel tangerang,Phrase,https://7magicwedding.com/wedding-venue/tangerang/novotel-tangerang
ID | Venue Names | Tangerang,Swiss-Belhotel Serpong,biaya pernikahan di swiss-belhotel serpong,Phrase,https://7magicwedding.com/wedding-venue/tangerang/swiss-belhotel-serpong
ID | Venue Names | Tangerang,Swiss-Belhotel Serpong,harga paket pernikahan swiss-belhotel serpong,Phrase,https://7magicwedding.com/wedding-venue/tangerang/swiss-belhotel-serpong
ID | Venue Names | Tangerang,Swiss-Belhotel Serpong,paket pernikahan swiss-belhotel serpong,Phrase,https://7magicwedding.com/wedding-venue/tangerang/swiss-belhotel-serpong
ID | Venue Names | Tangerang,Swiss-Belhotel Serpong,paket wedding swiss-belhotel serpong,Phrase,https://7magicwedding.com/wedding-venue/tangerang/swiss-belhotel-serpong
ID | Venue Names | Tangerang,Swiss-Belhotel Serpong,swiss-belhotel serpong ballroom pernikahan,Phrase,https://7magicwedding.com/wedding-venue/tangerang/swiss-belhotel-serpong
ID | Venue Names | Tangerang,Swiss-Belhotel Serpong,wedding package swiss-belhotel serpong,Phrase,https://7magicwedding.com/wedding-venue/tangerang/swiss-belhotel-serpong
ID | Venue Names | Tangerang,Allium Tangerang Hotel,allium tangerang hotel ballroom pernikahan,Phrase,https://7magicwedding.com/wedding-venue/tangerang/allium-tangerang-hotel
ID | Venue Names | Tangerang,Allium Tangerang Hotel,biaya pernikahan di allium tangerang hotel,Phrase,https://7magicwedding.com/wedding-venue/tangerang/allium-tangerang-hotel
ID | Venue Names | Tangerang,Allium Tangerang Hotel,harga paket pernikahan allium tangerang hotel,Phrase,https://7magicwedding.com/wedding-venue/tangerang/allium-tangerang-hotel
ID | Venue Names | Tangerang,Allium Tangerang Hotel,paket pernikahan allium tangerang hotel,Phrase,https://7magicwedding.com/wedding-venue/tangerang/allium-tangerang-hotel
ID | Venue Names | Tangerang,Allium Tangerang Hotel,paket wedding allium tangerang hotel,Phrase,https://7magicwedding.com/wedding-venue/tangerang/allium-tangerang-hotel
ID | Venue Names | Tangerang,Allium Tangerang Hotel,wedding package allium tangerang hotel,Phrase,https://7magicwedding.com/wedding-venue/tangerang/allium-tangerang-hotel
ID | Venue Names | Tangerang,Avilla Residence (Grand Avilla),avilla residence (grand avilla) ballroom pernikahan,Phrase,https://7magicwedding.com/wedding-venue/tangerang/avilla-residence-grand-avilla
ID | Venue Names | Tangerang,Avilla Residence (Grand Avilla),biaya pernikahan di avilla residence (grand avilla),Phrase,https://7magicwedding.com/wedding-venue/tangerang/avilla-residence-grand-avilla
ID | Venue Names | Tangerang,Avilla Residence (Grand Avilla),harga paket pernikahan avilla residence (grand avilla),Phrase,https://7magicwedding.com/wedding-venue/tangerang/avilla-residence-grand-avilla
ID | Venue Names | Tangerang,Avilla Residence (Grand Avilla),paket pernikahan avilla residence (grand avilla),Phrase,https://7magicwedding.com/wedding-venue/tangerang/avilla-residence-grand-avilla
ID | Venue Names | Tangerang,Avilla Residence (Grand Avilla),paket wedding avilla residence (grand avilla),Phrase,https://7magicwedding.com/wedding-venue/tangerang/avilla-residence-grand-avilla
ID | Venue Names | Tangerang,Avilla Residence (Grand Avilla),wedding package avilla residence (grand avilla),Phrase,https://7magicwedding.com/wedding-venue/tangerang/avilla-residence-grand-avilla
ID | Venue Names | Tangerang,Ibis Gading Serpong,biaya pernikahan di ibis gading serpong,Phrase,https://7magicwedding.com/wedding-venue/tangerang/ibis-gading-serpong
ID | Venue Names | Tangerang,Ibis Gading Serpong,harga paket pernikahan ibis gading serpong,Phrase,https://7magicwedding.com/wedding-venue/tangerang/ibis-gading-serpong
ID | Venue Names | Tangerang,Ibis Gading Serpong,ibis gading serpong ballroom pernikahan,Phrase,https://7magicwedding.com/wedding-venue/tangerang/ibis-gading-serpong
ID | Venue Names | Tangerang,Ibis Gading Serpong,paket pernikahan ibis gading serpong,Phrase,https://7magicwedding.com/wedding-venue/tangerang/ibis-gading-serpong
ID | Venue Names | Tangerang,Ibis Gading Serpong,paket wedding ibis gading serpong,Phrase,https://7magicwedding.com/wedding-venue/tangerang/ibis-gading-serpong
ID | Venue Names | Tangerang,Ibis Gading Serpong,wedding package ibis gading serpong,Phrase,https://7magicwedding.com/wedding-venue/tangerang/ibis-gading-serpong
ID | Venue Names | Tangerang,Lemo Hotel Serpong,biaya pernikahan di lemo hotel serpong,Phrase,https://7magicwedding.com/wedding-venue/tangerang/lemo-hotel-serpong
ID | Venue Names | Tangerang,Lemo Hotel Serpong,harga paket pernikahan lemo hotel serpong,Phrase,https://7magicwedding.com/wedding-venue/tangerang/lemo-hotel-serpong
ID | Venue Names | Tangerang,Lemo Hotel Serpong,lemo hotel serpong ballroom pernikahan,Phrase,https://7magicwedding.com/wedding-venue/tangerang/lemo-hotel-serpong
ID | Venue Names | Tangerang,Lemo Hotel Serpong,paket pernikahan lemo hotel serpong,Phrase,https://7magicwedding.com/wedding-venue/tangerang/lemo-hotel-serpong
ID | Venue Names | Tangerang,Lemo Hotel Serpong,paket wedding lemo hotel serpong,Phrase,https://7magicwedding.com/wedding-venue/tangerang/lemo-hotel-serpong
ID | Venue Names | Tangerang,Lemo Hotel Serpong,wedding package lemo hotel serpong,Phrase,https://7magicwedding.com/wedding-venue/tangerang/lemo-hotel-serpong
ID | Venue Names | Tangerang,Trembesi Hotel,biaya pernikahan di trembesi hotel,Phrase,https://7magicwedding.com/wedding-venue/tangerang/trembesi-hotel
ID | Venue Names | Tangerang,Trembesi Hotel,harga paket pernikahan trembesi hotel,Phrase,https://7magicwedding.com/wedding-venue/tangerang/trembesi-hotel
ID | Venue Names | Tangerang,Trembesi Hotel,paket pernikahan trembesi hotel,Phrase,https://7magicwedding.com/wedding-venue/tangerang/trembesi-hotel
ID | Venue Names | Tangerang,Trembesi Hotel,paket wedding trembesi hotel,Phrase,https://7magicwedding.com/wedding-venue/tangerang/trembesi-hotel
ID | Venue Names | Tangerang,Trembesi Hotel,trembesi hotel ballroom pernikahan,Phrase,https://7magicwedding.com/wedding-venue/tangerang/trembesi-hotel
ID | Venue Names | Tangerang,Trembesi Hotel,wedding package trembesi hotel,Phrase,https://7magicwedding.com/wedding-venue/tangerang/trembesi-hotel
ID | Venue Names | Tangerang,Horison Grand Serpong,biaya pernikahan di horison grand serpong,Phrase,https://7magicwedding.com/wedding-venue/tangerang/horison-grand-serpong
ID | Venue Names | Tangerang,Horison Grand Serpong,harga paket pernikahan horison grand serpong,Phrase,https://7magicwedding.com/wedding-venue/tangerang/horison-grand-serpong
ID | Venue Names | Tangerang,Horison Grand Serpong,horison grand serpong ballroom pernikahan,Phrase,https://7magicwedding.com/wedding-venue/tangerang/horison-grand-serpong
ID | Venue Names | Tangerang,Horison Grand Serpong,paket pernikahan horison grand serpong,Phrase,https://7magicwedding.com/wedding-venue/tangerang/horison-grand-serpong
ID | Venue Names | Tangerang,Horison Grand Serpong,paket wedding horison grand serpong,Phrase,https://7magicwedding.com/wedding-venue/tangerang/horison-grand-serpong
ID | Venue Names | Tangerang,Horison Grand Serpong,wedding package horison grand serpong,Phrase,https://7magicwedding.com/wedding-venue/tangerang/horison-grand-serpong
ID | Venue Names | Tangerang,Pranaya Boutique Hotel,biaya pernikahan di pranaya boutique hotel,Phrase,https://7magicwedding.com/wedding-venue/tangerang/pranaya-boutique-hotel
ID | Venue Names | Tangerang,Pranaya Boutique Hotel,harga paket pernikahan pranaya boutique hotel,Phrase,https://7magicwedding.com/wedding-venue/tangerang/pranaya-boutique-hotel
ID | Venue Names | Tangerang,Pranaya Boutique Hotel,paket pernikahan pranaya boutique hotel,Phrase,https://7magicwedding.com/wedding-venue/tangerang/pranaya-boutique-hotel
ID | Venue Names | Tangerang,Pranaya Boutique Hotel,paket wedding pranaya boutique hotel,Phrase,https://7magicwedding.com/wedding-venue/tangerang/pranaya-boutique-hotel
ID | Venue Names | Tangerang,Pranaya Boutique Hotel,pranaya boutique hotel ballroom pernikahan,Phrase,https://7magicwedding.com/wedding-venue/tangerang/pranaya-boutique-hotel
ID | Venue Names | Tangerang,Pranaya Boutique Hotel,wedding package pranaya boutique hotel,Phrase,https://7magicwedding.com/wedding-venue/tangerang/pranaya-boutique-hotel
